cvpj,cvpj,cvpj,cvpj,cvpj,cvpj,vst2,vst2,vst3,vst3
paramid,extid,def,min,max,visname,paramnum,visname,paramnum,visname
beats_per_minute,beats_per_minute,2,0.333333343267441,5,Beats Per Minute,0,Beats Per Minute,0,Beats Per Minute
bypass,bypass,0,0,1,Bypass,727,Bypass,727,Bypass
chorus_cutoff,chorus_cutoff,60,8,136,Chorus Filter Cutoff,1,Chorus Filter Cutoff,1,Chorus Filter Cutoff
chorus_delay_1,chorus_delay_1,-9,-10,-5.64385986328125,Chorus Delay 1,2,Chorus Delay 1,2,Chorus Delay 1
chorus_delay_2,chorus_delay_2,-7,-10,-5.64385986328125,Chorus Delay 2,3,Chorus Delay 2,3,Chorus Delay 2
chorus_dry_wet,chorus_dry_wet,0.5,0,1,Chorus Mix,4,Chorus Mix,4,Chorus Mix
chorus_feedback,chorus_feedback,0.400000005960465,-0.949999988079071,0.949999988079071,Chorus Feedback,5,Chorus Feedback,5,Chorus Feedback
chorus_frequency,chorus_frequency,-3,-6,3,Chorus Frequency,6,Chorus Frequency,6,Chorus Frequency
chorus_mod_depth,chorus_mod_depth,0.5,0,1,Chorus Mod Depth,7,Chorus Mod Depth,7,Chorus Mod Depth
chorus_on,chorus_on,0,0,1,Chorus Switch,8,Chorus Switch,8,Chorus Switch
chorus_spread,chorus_spread,1,0,1,Chorus Filter Spread,724,Chorus Filter Spread,724,Chorus Filter Spread
chorus_sync,chorus_sync,1,0,3,Chorus Sync,9,Chorus Sync,9,Chorus Sync
chorus_tempo,chorus_tempo,4,0,10,Chorus Tempo,10,Chorus Tempo,10,Chorus Tempo
chorus_voices,chorus_voices,4,1,4,Chorus Voices,554,Chorus Voices,554,Chorus Voices
compressor_attack,compressor_attack,0.5,0,1,Compressor Attack,11,Compressor Attack,11,Compressor Attack
compressor_band_gain,compressor_band_gain,11.6999998092651,-30,30,Compressor Band Gain,12,Compressor Band Gain,12,Compressor Band Gain
compressor_band_lower_ratio,compressor_band_lower_ratio,0.800000011920929,-1,1,Band Lower Ratio,13,Band Lower Ratio,13,Band Lower Ratio
compressor_band_lower_threshold,compressor_band_lower_threshold,-36,-80,0,Band Lower Threshold,14,Band Lower Threshold,14,Band Lower Threshold
compressor_band_upper_ratio,compressor_band_upper_ratio,0.85699999332428,0,1,Band Upper Ratio,15,Band Upper Ratio,15,Band Upper Ratio
compressor_band_upper_threshold,compressor_band_upper_threshold,-25,-80,0,Band Upper Threshold,16,Band Upper Threshold,16,Band Upper Threshold
compressor_enabled_bands,compressor_enabled_bands,0,0,3,Compressor Enabled Bands,17,Compressor Enabled Bands,17,Compressor Enabled Bands
compressor_high_gain,compressor_high_gain,16.2999992370605,-30,30,Compressor High Gain,18,Compressor High Gain,18,Compressor High Gain
compressor_high_lower_ratio,compressor_high_lower_ratio,0.800000011920929,-1,1,High Lower Ratio,19,High Lower Ratio,19,High Lower Ratio
compressor_high_lower_threshold,compressor_high_lower_threshold,-35,-80,0,High Lower Threshold,20,High Lower Threshold,20,High Lower Threshold
compressor_high_upper_ratio,compressor_high_upper_ratio,1,0,1,High Upper Ratio,21,High Upper Ratio,21,High Upper Ratio
compressor_high_upper_threshold,compressor_high_upper_threshold,-30,-80,0,High Upper Threshold,22,High Upper Threshold,22,High Upper Threshold
compressor_low_gain,compressor_low_gain,16.2999992370605,-30,30,Compressor Low Gain,23,Compressor Low Gain,23,Compressor Low Gain
compressor_low_lower_ratio,compressor_low_lower_ratio,0.800000011920929,-1,1,Low Lower Ratio,24,Low Lower Ratio,24,Low Lower Ratio
compressor_low_lower_threshold,compressor_low_lower_threshold,-35,-80,0,Low Lower Threshold,25,Low Lower Threshold,25,Low Lower Threshold
compressor_low_upper_ratio,compressor_low_upper_ratio,0.899999976158142,0,1,Low Upper Ratio,26,Low Upper Ratio,26,Low Upper Ratio
compressor_low_upper_threshold,compressor_low_upper_threshold,-28,-80,0,Low Upper Threshold,27,Low Upper Threshold,27,Low Upper Threshold
compressor_mix,compressor_mix,1,0,1,Compressor Mix,720,Compressor Mix,720,Compressor Mix
compressor_on,compressor_on,0,0,1,Compressor Switch,28,Compressor Switch,28,Compressor Switch
compressor_release,compressor_release,0.5,0,1,Compressor Release,29,Compressor Release,29,Compressor Release
delay_aux_frequency,delay_aux_frequency,2,-2,9,Delay Frequency 2,551,Delay Frequency 2,551,Delay Frequency 2
delay_aux_sync,delay_aux_sync,1,0,3,Delay Sync 2,552,Delay Sync 2,552,Delay Sync 2
delay_aux_tempo,delay_aux_tempo,9,4,12,Delay Tempo 2,553,Delay Tempo 2,553,Delay Tempo 2
delay_dry_wet,delay_dry_wet,0.333400011062622,0,1,Delay Mix,30,Delay Mix,30,Delay Mix
delay_feedback,delay_feedback,0.5,-1,1,Delay Feedback,31,Delay Feedback,31,Delay Feedback
delay_filter_cutoff,delay_filter_cutoff,60,8,136,Delay Filter Cutoff,32,Delay Filter Cutoff,32,Delay Filter Cutoff
delay_filter_spread,delay_filter_spread,1,0,1,Delay Filter Spread,33,Delay Filter Spread,33,Delay Filter Spread
delay_frequency,delay_frequency,2,-2,9,Delay Frequency,34,Delay Frequency,34,Delay Frequency
delay_on,delay_on,0,0,1,Delay Switch,35,Delay Switch,35,Delay Switch
delay_style,delay_style,0,0,3,Delay Style,36,Delay Style,36,Delay Style
delay_sync,delay_sync,1,0,3,Delay Sync,37,Delay Sync,37,Delay Sync
delay_tempo,delay_tempo,9,4,12,Delay Tempo,38,Delay Tempo,38,Delay Tempo
distortion_drive,distortion_drive,0,-30,30,Distortion Drive,39,Distortion Drive,39,Distortion Drive
distortion_filter_blend,distortion_filter_blend,0,0,2,Distortion Filter Blend,40,Distortion Filter Blend,40,Distortion Filter Blend
distortion_filter_cutoff,distortion_filter_cutoff,80,8,136,Distortion Filter Cutoff,41,Distortion Filter Cutoff,41,Distortion Filter Cutoff
distortion_filter_order,distortion_filter_order,0,0,2,Distortion Filter Order,42,Distortion Filter Order,42,Distortion Filter Order
distortion_filter_resonance,distortion_filter_resonance,0.5,0,1,Distortion Filter Resonance,43,Distortion Filter Resonance,43,Distortion Filter Resonance
distortion_mix,distortion_mix,1,0,1,Distortion Mix,44,Distortion Mix,44,Distortion Mix
distortion_on,distortion_on,0,0,1,Distortion Switch,45,Distortion Switch,45,Distortion Switch
distortion_type,distortion_type,0,0,5,Distortion Type,46,Distortion Type,46,Distortion Type
effect_chain_order,effect_chain_order,0,0,362879,Effect Chain Order,47,Effect Chain Order,47,Effect Chain Order
env_1_attack,env_1_attack,0.149499997496605,0,2.37842011451721,Envelope 1 Attack,48,Envelope 1 Attack,48,Envelope 1 Attack
env_1_attack_power,env_1_attack_power,0,-20,20,Envelope 1 Attack Power,49,Envelope 1 Attack Power,49,Envelope 1 Attack Power
env_1_decay,env_1_decay,1,0,2.37842011451721,Envelope 1 Decay,50,Envelope 1 Decay,50,Envelope 1 Decay
env_1_decay_power,env_1_decay_power,-2,-20,20,Envelope 1 Decay Power,51,Envelope 1 Decay Power,51,Envelope 1 Decay Power
env_1_delay,env_1_delay,0,0,1.41421353816986,Envelope 1 Delay,536,Envelope 1 Delay,536,Envelope 1 Delay
env_1_hold,env_1_hold,0,0,1.41421353816986,Envelope 1 Hold,542,Envelope 1 Hold,542,Envelope 1 Hold
env_1_release,env_1_release,0.547599971294403,0,2.37842011451721,Envelope 1 Release,52,Envelope 1 Release,52,Envelope 1 Release
env_1_release_power,env_1_release_power,-2,-20,20,Envelope 1 Release Power,53,Envelope 1 Release Power,53,Envelope 1 Release Power
env_1_sustain,env_1_sustain,1,0,1,Envelope 1 Sustain,54,Envelope 1 Sustain,54,Envelope 1 Sustain
env_2_attack,env_2_attack,0.149499997496605,0,2.37842011451721,Envelope 2 Attack,55,Envelope 2 Attack,55,Envelope 2 Attack
env_2_attack_power,env_2_attack_power,0,-20,20,Envelope 2 Attack Power,56,Envelope 2 Attack Power,56,Envelope 2 Attack Power
env_2_decay,env_2_decay,1,0,2.37842011451721,Envelope 2 Decay,57,Envelope 2 Decay,57,Envelope 2 Decay
env_2_decay_power,env_2_decay_power,-2,-20,20,Envelope 2 Decay Power,58,Envelope 2 Decay Power,58,Envelope 2 Decay Power
env_2_delay,env_2_delay,0,0,1.41421353816986,Envelope 2 Delay,537,Envelope 2 Delay,537,Envelope 2 Delay
env_2_hold,env_2_hold,0,0,1.41421353816986,Envelope 2 Hold,543,Envelope 2 Hold,543,Envelope 2 Hold
env_2_release,env_2_release,0.547599971294403,0,2.37842011451721,Envelope 2 Release,59,Envelope 2 Release,59,Envelope 2 Release
env_2_release_power,env_2_release_power,-2,-20,20,Envelope 2 Release Power,60,Envelope 2 Release Power,60,Envelope 2 Release Power
env_2_sustain,env_2_sustain,1,0,1,Envelope 2 Sustain,61,Envelope 2 Sustain,61,Envelope 2 Sustain
env_3_attack,env_3_attack,0.149499997496605,0,2.37842011451721,Envelope 3 Attack,62,Envelope 3 Attack,62,Envelope 3 Attack
env_3_attack_power,env_3_attack_power,0,-20,20,Envelope 3 Attack Power,63,Envelope 3 Attack Power,63,Envelope 3 Attack Power
env_3_decay,env_3_decay,1,0,2.37842011451721,Envelope 3 Decay,64,Envelope 3 Decay,64,Envelope 3 Decay
env_3_decay_power,env_3_decay_power,-2,-20,20,Envelope 3 Decay Power,65,Envelope 3 Decay Power,65,Envelope 3 Decay Power
env_3_delay,env_3_delay,0,0,1.41421353816986,Envelope 3 Delay,538,Envelope 3 Delay,538,Envelope 3 Delay
env_3_hold,env_3_hold,0,0,1.41421353816986,Envelope 3 Hold,544,Envelope 3 Hold,544,Envelope 3 Hold
env_3_release,env_3_release,0.547599971294403,0,2.37842011451721,Envelope 3 Release,66,Envelope 3 Release,66,Envelope 3 Release
env_3_release_power,env_3_release_power,-2,-20,20,Envelope 3 Release Power,67,Envelope 3 Release Power,67,Envelope 3 Release Power
env_3_sustain,env_3_sustain,1,0,1,Envelope 3 Sustain,68,Envelope 3 Sustain,68,Envelope 3 Sustain
env_4_attack,env_4_attack,0.149499997496605,0,2.37842011451721,Envelope 4 Attack,69,Envelope 4 Attack,69,Envelope 4 Attack
env_4_attack_power,env_4_attack_power,0,-20,20,Envelope 4 Attack Power,70,Envelope 4 Attack Power,70,Envelope 4 Attack Power
env_4_decay,env_4_decay,1,0,2.37842011451721,Envelope 4 Decay,71,Envelope 4 Decay,71,Envelope 4 Decay
env_4_decay_power,env_4_decay_power,-2,-20,20,Envelope 4 Decay Power,72,Envelope 4 Decay Power,72,Envelope 4 Decay Power
env_4_delay,env_4_delay,0,0,1.41421353816986,Envelope 4 Delay,539,Envelope 4 Delay,539,Envelope 4 Delay
env_4_hold,env_4_hold,0,0,1.41421353816986,Envelope 4 Hold,545,Envelope 4 Hold,545,Envelope 4 Hold
env_4_release,env_4_release,0.547599971294403,0,2.37842011451721,Envelope 4 Release,73,Envelope 4 Release,73,Envelope 4 Release
env_4_release_power,env_4_release_power,-2,-20,20,Envelope 4 Release Power,74,Envelope 4 Release Power,74,Envelope 4 Release Power
env_4_sustain,env_4_sustain,1,0,1,Envelope 4 Sustain,75,Envelope 4 Sustain,75,Envelope 4 Sustain
env_5_attack,env_5_attack,0.149499997496605,0,2.37842011451721,Envelope 5 Attack,76,Envelope 5 Attack,76,Envelope 5 Attack
env_5_attack_power,env_5_attack_power,0,-20,20,Envelope 5 Attack Power,77,Envelope 5 Attack Power,77,Envelope 5 Attack Power
env_5_decay,env_5_decay,1,0,2.37842011451721,Envelope 5 Decay,78,Envelope 5 Decay,78,Envelope 5 Decay
env_5_decay_power,env_5_decay_power,-2,-20,20,Envelope 5 Decay Power,79,Envelope 5 Decay Power,79,Envelope 5 Decay Power
env_5_delay,env_5_delay,0,0,1.41421353816986,Envelope 5 Delay,540,Envelope 5 Delay,540,Envelope 5 Delay
env_5_hold,env_5_hold,0,0,1.41421353816986,Envelope 5 Hold,546,Envelope 5 Hold,546,Envelope 5 Hold
env_5_release,env_5_release,0.547599971294403,0,2.37842011451721,Envelope 5 Release,80,Envelope 5 Release,80,Envelope 5 Release
env_5_release_power,env_5_release_power,-2,-20,20,Envelope 5 Release Power,81,Envelope 5 Release Power,81,Envelope 5 Release Power
env_5_sustain,env_5_sustain,1,0,1,Envelope 5 Sustain,82,Envelope 5 Sustain,82,Envelope 5 Sustain
env_6_attack,env_6_attack,0.149499997496605,0,2.37842011451721,Envelope 6 Attack,83,Envelope 6 Attack,83,Envelope 6 Attack
env_6_attack_power,env_6_attack_power,0,-20,20,Envelope 6 Attack Power,84,Envelope 6 Attack Power,84,Envelope 6 Attack Power
env_6_decay,env_6_decay,1,0,2.37842011451721,Envelope 6 Decay,85,Envelope 6 Decay,85,Envelope 6 Decay
env_6_decay_power,env_6_decay_power,-2,-20,20,Envelope 6 Decay Power,86,Envelope 6 Decay Power,86,Envelope 6 Decay Power
env_6_delay,env_6_delay,0,0,1.41421353816986,Envelope 6 Delay,541,Envelope 6 Delay,541,Envelope 6 Delay
env_6_hold,env_6_hold,0,0,1.41421353816986,Envelope 6 Hold,547,Envelope 6 Hold,547,Envelope 6 Hold
env_6_release,env_6_release,0.547599971294403,0,2.37842011451721,Envelope 6 Release,87,Envelope 6 Release,87,Envelope 6 Release
env_6_release_power,env_6_release_power,-2,-20,20,Envelope 6 Release Power,88,Envelope 6 Release Power,88,Envelope 6 Release Power
env_6_sustain,env_6_sustain,1,0,1,Envelope 6 Sustain,89,Envelope 6 Sustain,89,Envelope 6 Sustain
eq_band_cutoff,eq_band_cutoff,80,8,136,EQ Band Cutoff,90,EQ Band Cutoff,90,EQ Band Cutoff
eq_band_gain,eq_band_gain,0,-15,15,EQ Band Gain,91,EQ Band Gain,91,EQ Band Gain
eq_band_mode,eq_band_mode,0,0,1,EQ Band Mode,549,EQ Band Mode,549,EQ Band Mode
eq_band_resonance,eq_band_resonance,0.447299987077713,0,1,EQ Band Resonance,92,EQ Band Resonance,92,EQ Band Resonance
eq_high_cutoff,eq_high_cutoff,100,8,136,EQ High Cutoff,93,EQ High Cutoff,93,EQ High Cutoff
eq_high_gain,eq_high_gain,0,-15,15,EQ High Gain,94,EQ High Gain,94,EQ High Gain
eq_high_mode,eq_high_mode,0,0,1,EQ High Mode,95,EQ High Mode,95,EQ High Mode
eq_high_resonance,eq_high_resonance,0.316300004720688,0,1,EQ High Resonance,96,EQ High Resonance,96,EQ High Resonance
eq_low_cutoff,eq_low_cutoff,40,8,136,EQ Low Cutoff,97,EQ Low Cutoff,97,EQ Low Cutoff
eq_low_gain,eq_low_gain,0,-15,15,EQ Low Gain,98,EQ Low Gain,98,EQ Low Gain
eq_low_mode,eq_low_mode,0,0,1,EQ Low Mode,99,EQ Low Mode,99,EQ Low Mode
eq_low_resonance,eq_low_resonance,0.316300004720688,0,1,EQ Low Resonance,100,EQ Low Resonance,100,EQ Low Resonance
eq_on,eq_on,0,0,1,EQ Switch,101,EQ Switch,101,EQ Switch
filter_1_blend,filter_1_blend,0,0,2,Filter 1 Blend,102,Filter 1 Blend,102,Filter 1 Blend
filter_1_blend_transpose,filter_1_blend_transpose,42,0,84,Filter 1 Comb Blend Offset,103,Filter 1 Comb Blend Offset,103,Filter 1 Comb Blend Offset
filter_1_cutoff,filter_1_cutoff,60,8,136,Filter 1 Cutoff,104,Filter 1 Cutoff,104,Filter 1 Cutoff
filter_1_drive,filter_1_drive,0,0,20,Filter 1 Drive,105,Filter 1 Drive,105,Filter 1 Drive
filter_1_filter_input,filter_1_filter_input,0,0,1,Filter 1 FILTER Input,106,Filter 1 FILTER Input,106,Filter 1 FILTER Input
filter_1_formant_resonance,filter_1_formant_resonance,0.850000023841858,0.300000011920929,1,Filter 1 Formant Resonance,107,Filter 1 Formant Resonance,107,Filter 1 Formant Resonance
filter_1_formant_spread,filter_1_formant_spread,0,-1,1,Filter 1 Formant Spread,752,Filter 1 Formant Spread,752,Filter 1 Formant Spread
filter_1_formant_transpose,filter_1_formant_transpose,0,-12,12,Filter 1 Formant Transpose,108,Filter 1 Formant Transpose,108,Filter 1 Formant Transpose
filter_1_formant_x,filter_1_formant_x,0.5,0,1,Filter 1 Formant X,109,Filter 1 Formant X,109,Filter 1 Formant X
filter_1_formant_y,filter_1_formant_y,0.5,0,1,Filter 1 Formant Y,110,Filter 1 Formant Y,110,Filter 1 Formant Y
filter_1_keytrack,filter_1_keytrack,0,-1,1,Filter 1 Key Track,111,Filter 1 Key Track,111,Filter 1 Key Track
filter_1_mix,filter_1_mix,1,0,1,Filter 1 Mix,112,Filter 1 Mix,112,Filter 1 Mix
filter_1_model,filter_1_model,0,0,7,Filter 1 Model,113,Filter 1 Model,113,Filter 1 Model
filter_1_on,filter_1_on,0,0,1,Filter 1 Switch,114,Filter 1 Switch,114,Filter 1 Switch
filter_1_resonance,filter_1_resonance,0.5,0,1,Filter 1 Resonance,115,Filter 1 Resonance,115,Filter 1 Resonance
filter_1_style,filter_1_style,0,0,8,Filter 1 Style,116,Filter 1 Style,116,Filter 1 Style
filter_2_blend,filter_2_blend,0,0,2,Filter 2 Blend,117,Filter 2 Blend,117,Filter 2 Blend
filter_2_blend_transpose,filter_2_blend_transpose,42,0,84,Filter 2 Comb Blend Offset,118,Filter 2 Comb Blend Offset,118,Filter 2 Comb Blend Offset
filter_2_cutoff,filter_2_cutoff,60,8,136,Filter 2 Cutoff,119,Filter 2 Cutoff,119,Filter 2 Cutoff
filter_2_drive,filter_2_drive,0,0,20,Filter 2 Drive,120,Filter 2 Drive,120,Filter 2 Drive
filter_2_filter_input,filter_2_filter_input,0,0,1,Filter 2 FILTER Input,121,Filter 2 FILTER Input,121,Filter 2 FILTER Input
filter_2_formant_resonance,filter_2_formant_resonance,0.850000023841858,0.300000011920929,1,Filter 2 Formant Resonance,122,Filter 2 Formant Resonance,122,Filter 2 Formant Resonance
filter_2_formant_spread,filter_2_formant_spread,0,-1,1,Filter 2 Formant Spread,753,Filter 2 Formant Spread,753,Filter 2 Formant Spread
filter_2_formant_transpose,filter_2_formant_transpose,0,-12,12,Filter 2 Formant Transpose,123,Filter 2 Formant Transpose,123,Filter 2 Formant Transpose
filter_2_formant_x,filter_2_formant_x,0.5,0,1,Filter 2 Formant X,124,Filter 2 Formant X,124,Filter 2 Formant X
filter_2_formant_y,filter_2_formant_y,0.5,0,1,Filter 2 Formant Y,125,Filter 2 Formant Y,125,Filter 2 Formant Y
filter_2_keytrack,filter_2_keytrack,0,-1,1,Filter 2 Key Track,126,Filter 2 Key Track,126,Filter 2 Key Track
filter_2_mix,filter_2_mix,1,0,1,Filter 2 Mix,127,Filter 2 Mix,127,Filter 2 Mix
filter_2_model,filter_2_model,0,0,7,Filter 2 Model,128,Filter 2 Model,128,Filter 2 Model
filter_2_on,filter_2_on,0,0,1,Filter 2 Switch,129,Filter 2 Switch,129,Filter 2 Switch
filter_2_resonance,filter_2_resonance,0.5,0,1,Filter 2 Resonance,130,Filter 2 Resonance,130,Filter 2 Resonance
filter_2_style,filter_2_style,0,0,8,Filter 2 Style,131,Filter 2 Style,131,Filter 2 Style
filter_fx_blend,filter_fx_blend,0,0,2,Filter fx Blend,132,Filter fx Blend,132,Filter fx Blend
filter_fx_blend_transpose,filter_fx_blend_transpose,42,0,84,Filter fx Comb Blend Offset,133,Filter fx Comb Blend Offset,133,Filter fx Comb Blend Offset
filter_fx_cutoff,filter_fx_cutoff,60,8,136,Filter fx Cutoff,134,Filter fx Cutoff,134,Filter fx Cutoff
filter_fx_drive,filter_fx_drive,0,0,20,Filter fx Drive,135,Filter fx Drive,135,Filter fx Drive
filter_fx_formant_resonance,filter_fx_formant_resonance,0.850000023841858,0.300000011920929,1,Filter fx Formant Resonance,136,Filter fx Formant Resonance,136,Filter fx Formant Resonance
filter_fx_formant_spread,filter_fx_formant_spread,0,-1,1,Filter fx Formant Spread,754,Filter fx Formant Spread,754,Filter fx Formant Spread
filter_fx_formant_transpose,filter_fx_formant_transpose,0,-12,12,Filter fx Formant Transpose,137,Filter fx Formant Transpose,137,Filter fx Formant Transpose
filter_fx_formant_x,filter_fx_formant_x,0.5,0,1,Filter fx Formant X,138,Filter fx Formant X,138,Filter fx Formant X
filter_fx_formant_y,filter_fx_formant_y,0.5,0,1,Filter fx Formant Y,139,Filter fx Formant Y,139,Filter fx Formant Y
filter_fx_keytrack,filter_fx_keytrack,0,-1,1,Filter fx Key Track,140,Filter fx Key Track,140,Filter fx Key Track
filter_fx_mix,filter_fx_mix,1,0,1,Filter fx Mix,141,Filter fx Mix,141,Filter fx Mix
filter_fx_model,filter_fx_model,0,0,7,Filter fx Model,142,Filter fx Model,142,Filter fx Model
filter_fx_on,filter_fx_on,0,0,1,Filter fx Switch,143,Filter fx Switch,143,Filter fx Switch
filter_fx_resonance,filter_fx_resonance,0.5,0,1,Filter fx Resonance,144,Filter fx Resonance,144,Filter fx Resonance
filter_fx_style,filter_fx_style,0,0,8,Filter fx Style,145,Filter fx Style,145,Filter fx Style
flanger_center,flanger_center,64,8,136,Flanger Center,548,Flanger Center,548,Flanger Center
flanger_dry_wet,flanger_dry_wet,0.5,0,0.5,Flanger Mix,146,Flanger Mix,146,Flanger Mix
flanger_feedback,flanger_feedback,0.5,-1,1,Flanger Feedback,147,Flanger Feedback,147,Flanger Feedback
flanger_frequency,flanger_frequency,2,-5,2,Flanger Frequency,148,Flanger Frequency,148,Flanger Frequency
flanger_mod_depth,flanger_mod_depth,0.5,0,1,Flanger Mod Depth,149,Flanger Mod Depth,149,Flanger Mod Depth
flanger_on,flanger_on,0,0,1,Flanger Switch,150,Flanger Switch,150,Flanger Switch
flanger_phase_offset,flanger_phase_offset,0.333333343267441,0,1,Flanger Phase Offset,151,Flanger Phase Offset,151,Flanger Phase Offset
flanger_sync,flanger_sync,1,0,3,Flanger Sync,152,Flanger Sync,152,Flanger Sync
flanger_tempo,flanger_tempo,4,0,10,Flanger Tempo,153,Flanger Tempo,153,Flanger Tempo
legato,legato,0,0,1,Legato,154,Legato,154,Legato
lfo_1_delay_time,lfo_1_delay_time,0,0,4,LFO 1 Delay,155,LFO 1 Delay,155,LFO 1 Delay
lfo_1_fade_time,lfo_1_fade_time,0,0,8,LFO 1 Fade In,156,LFO 1 Fade In,156,LFO 1 Fade In
lfo_1_frequency,lfo_1_frequency,1,-7,9,LFO 1 Frequency,157,LFO 1 Frequency,157,LFO 1 Frequency
lfo_1_keytrack_transpose,lfo_1_keytrack_transpose,-12,-60,36,LFO 1 Transpose,728,LFO 1 Transpose,728,LFO 1 Transpose
lfo_1_keytrack_tune,lfo_1_keytrack_tune,0,-1,1,LFO 1 Tune,729,LFO 1 Tune,729,LFO 1 Tune
lfo_1_phase,lfo_1_phase,0,0,1,LFO 1 Phase,158,LFO 1 Phase,158,LFO 1 Phase
lfo_1_smooth_mode,lfo_1_smooth_mode,1,0,1,LFO 1 Smooth Mode,755,LFO 1 Smooth Mode,755,LFO 1 Smooth Mode
lfo_1_smooth_time,lfo_1_smooth_time,-7.5,-10,4,LFO 1 Smooth Time,756,LFO 1 Smooth Time,756,LFO 1 Smooth Time
lfo_1_stereo,lfo_1_stereo,0,-0.5,0.5,LFO 1 Stereo,487,LFO 1 Stereo,487,LFO 1 Stereo
lfo_1_sync,lfo_1_sync,1,0,4,LFO 1 Sync,159,LFO 1 Sync,159,LFO 1 Sync
lfo_1_sync_type,lfo_1_sync_type,0,0,6,LFO 1 Sync Type,160,LFO 1 Sync Type,160,LFO 1 Sync Type
lfo_1_tempo,lfo_1_tempo,7,0,12,LFO 1 Tempo,161,LFO 1 Tempo,161,LFO 1 Tempo
lfo_2_delay_time,lfo_2_delay_time,0,0,4,LFO 2 Delay,162,LFO 2 Delay,162,LFO 2 Delay
lfo_2_fade_time,lfo_2_fade_time,0,0,8,LFO 2 Fade In,163,LFO 2 Fade In,163,LFO 2 Fade In
lfo_2_frequency,lfo_2_frequency,1,-7,9,LFO 2 Frequency,164,LFO 2 Frequency,164,LFO 2 Frequency
lfo_2_keytrack_transpose,lfo_2_keytrack_transpose,-12,-60,36,LFO 2 Transpose,730,LFO 2 Transpose,730,LFO 2 Transpose
lfo_2_keytrack_tune,lfo_2_keytrack_tune,0,-1,1,LFO 2 Tune,731,LFO 2 Tune,731,LFO 2 Tune
lfo_2_phase,lfo_2_phase,0,0,1,LFO 2 Phase,165,LFO 2 Phase,165,LFO 2 Phase
lfo_2_smooth_mode,lfo_2_smooth_mode,1,0,1,LFO 2 Smooth Mode,757,LFO 2 Smooth Mode,757,LFO 2 Smooth Mode
lfo_2_smooth_time,lfo_2_smooth_time,-7.5,-10,4,LFO 2 Smooth Time,758,LFO 2 Smooth Time,758,LFO 2 Smooth Time
lfo_2_stereo,lfo_2_stereo,0,-0.5,0.5,LFO 2 Stereo,488,LFO 2 Stereo,488,LFO 2 Stereo
lfo_2_sync,lfo_2_sync,1,0,4,LFO 2 Sync,166,LFO 2 Sync,166,LFO 2 Sync
lfo_2_sync_type,lfo_2_sync_type,0,0,6,LFO 2 Sync Type,167,LFO 2 Sync Type,167,LFO 2 Sync Type
lfo_2_tempo,lfo_2_tempo,7,0,12,LFO 2 Tempo,168,LFO 2 Tempo,168,LFO 2 Tempo
lfo_3_delay_time,lfo_3_delay_time,0,0,4,LFO 3 Delay,169,LFO 3 Delay,169,LFO 3 Delay
lfo_3_fade_time,lfo_3_fade_time,0,0,8,LFO 3 Fade In,170,LFO 3 Fade In,170,LFO 3 Fade In
lfo_3_frequency,lfo_3_frequency,1,-7,9,LFO 3 Frequency,171,LFO 3 Frequency,171,LFO 3 Frequency
lfo_3_keytrack_transpose,lfo_3_keytrack_transpose,-12,-60,36,LFO 3 Transpose,732,LFO 3 Transpose,732,LFO 3 Transpose
lfo_3_keytrack_tune,lfo_3_keytrack_tune,0,-1,1,LFO 3 Tune,733,LFO 3 Tune,733,LFO 3 Tune
lfo_3_phase,lfo_3_phase,0,0,1,LFO 3 Phase,172,LFO 3 Phase,172,LFO 3 Phase
lfo_3_smooth_mode,lfo_3_smooth_mode,1,0,1,LFO 3 Smooth Mode,759,LFO 3 Smooth Mode,759,LFO 3 Smooth Mode
lfo_3_smooth_time,lfo_3_smooth_time,-7.5,-10,4,LFO 3 Smooth Time,760,LFO 3 Smooth Time,760,LFO 3 Smooth Time
lfo_3_stereo,lfo_3_stereo,0,-0.5,0.5,LFO 3 Stereo,489,LFO 3 Stereo,489,LFO 3 Stereo
lfo_3_sync,lfo_3_sync,1,0,4,LFO 3 Sync,173,LFO 3 Sync,173,LFO 3 Sync
lfo_3_sync_type,lfo_3_sync_type,0,0,6,LFO 3 Sync Type,174,LFO 3 Sync Type,174,LFO 3 Sync Type
lfo_3_tempo,lfo_3_tempo,7,0,12,LFO 3 Tempo,175,LFO 3 Tempo,175,LFO 3 Tempo
lfo_4_delay_time,lfo_4_delay_time,0,0,4,LFO 4 Delay,176,LFO 4 Delay,176,LFO 4 Delay
lfo_4_fade_time,lfo_4_fade_time,0,0,8,LFO 4 Fade In,177,LFO 4 Fade In,177,LFO 4 Fade In
lfo_4_frequency,lfo_4_frequency,1,-7,9,LFO 4 Frequency,178,LFO 4 Frequency,178,LFO 4 Frequency
lfo_4_keytrack_transpose,lfo_4_keytrack_transpose,-12,-60,36,LFO 4 Transpose,734,LFO 4 Transpose,734,LFO 4 Transpose
lfo_4_keytrack_tune,lfo_4_keytrack_tune,0,-1,1,LFO 4 Tune,735,LFO 4 Tune,735,LFO 4 Tune
lfo_4_phase,lfo_4_phase,0,0,1,LFO 4 Phase,179,LFO 4 Phase,179,LFO 4 Phase
lfo_4_smooth_mode,lfo_4_smooth_mode,1,0,1,LFO 4 Smooth Mode,761,LFO 4 Smooth Mode,761,LFO 4 Smooth Mode
lfo_4_smooth_time,lfo_4_smooth_time,-7.5,-10,4,LFO 4 Smooth Time,762,LFO 4 Smooth Time,762,LFO 4 Smooth Time
lfo_4_stereo,lfo_4_stereo,0,-0.5,0.5,LFO 4 Stereo,490,LFO 4 Stereo,490,LFO 4 Stereo
lfo_4_sync,lfo_4_sync,1,0,4,LFO 4 Sync,180,LFO 4 Sync,180,LFO 4 Sync
lfo_4_sync_type,lfo_4_sync_type,0,0,6,LFO 4 Sync Type,181,LFO 4 Sync Type,181,LFO 4 Sync Type
lfo_4_tempo,lfo_4_tempo,7,0,12,LFO 4 Tempo,182,LFO 4 Tempo,182,LFO 4 Tempo
lfo_5_delay_time,lfo_5_delay_time,0,0,4,LFO 5 Delay,183,LFO 5 Delay,183,LFO 5 Delay
lfo_5_fade_time,lfo_5_fade_time,0,0,8,LFO 5 Fade In,184,LFO 5 Fade In,184,LFO 5 Fade In
lfo_5_frequency,lfo_5_frequency,1,-7,9,LFO 5 Frequency,185,LFO 5 Frequency,185,LFO 5 Frequency
lfo_5_keytrack_transpose,lfo_5_keytrack_transpose,-12,-60,36,LFO 5 Transpose,736,LFO 5 Transpose,736,LFO 5 Transpose
lfo_5_keytrack_tune,lfo_5_keytrack_tune,0,-1,1,LFO 5 Tune,737,LFO 5 Tune,737,LFO 5 Tune
lfo_5_phase,lfo_5_phase,0,0,1,LFO 5 Phase,186,LFO 5 Phase,186,LFO 5 Phase
lfo_5_smooth_mode,lfo_5_smooth_mode,1,0,1,LFO 5 Smooth Mode,763,LFO 5 Smooth Mode,763,LFO 5 Smooth Mode
lfo_5_smooth_time,lfo_5_smooth_time,-7.5,-10,4,LFO 5 Smooth Time,764,LFO 5 Smooth Time,764,LFO 5 Smooth Time
lfo_5_stereo,lfo_5_stereo,0,-0.5,0.5,LFO 5 Stereo,491,LFO 5 Stereo,491,LFO 5 Stereo
lfo_5_sync,lfo_5_sync,1,0,4,LFO 5 Sync,187,LFO 5 Sync,187,LFO 5 Sync
lfo_5_sync_type,lfo_5_sync_type,0,0,6,LFO 5 Sync Type,188,LFO 5 Sync Type,188,LFO 5 Sync Type
lfo_5_tempo,lfo_5_tempo,7,0,12,LFO 5 Tempo,189,LFO 5 Tempo,189,LFO 5 Tempo
lfo_6_delay_time,lfo_6_delay_time,0,0,4,LFO 6 Delay,190,LFO 6 Delay,190,LFO 6 Delay
lfo_6_fade_time,lfo_6_fade_time,0,0,8,LFO 6 Fade In,191,LFO 6 Fade In,191,LFO 6 Fade In
lfo_6_frequency,lfo_6_frequency,1,-7,9,LFO 6 Frequency,192,LFO 6 Frequency,192,LFO 6 Frequency
lfo_6_keytrack_transpose,lfo_6_keytrack_transpose,-12,-60,36,LFO 6 Transpose,738,LFO 6 Transpose,738,LFO 6 Transpose
lfo_6_keytrack_tune,lfo_6_keytrack_tune,0,-1,1,LFO 6 Tune,739,LFO 6 Tune,739,LFO 6 Tune
lfo_6_phase,lfo_6_phase,0,0,1,LFO 6 Phase,193,LFO 6 Phase,193,LFO 6 Phase
lfo_6_smooth_mode,lfo_6_smooth_mode,1,0,1,LFO 6 Smooth Mode,765,LFO 6 Smooth Mode,765,LFO 6 Smooth Mode
lfo_6_smooth_time,lfo_6_smooth_time,-7.5,-10,4,LFO 6 Smooth Time,766,LFO 6 Smooth Time,766,LFO 6 Smooth Time
lfo_6_stereo,lfo_6_stereo,0,-0.5,0.5,LFO 6 Stereo,492,LFO 6 Stereo,492,LFO 6 Stereo
lfo_6_sync,lfo_6_sync,1,0,4,LFO 6 Sync,194,LFO 6 Sync,194,LFO 6 Sync
lfo_6_sync_type,lfo_6_sync_type,0,0,6,LFO 6 Sync Type,195,LFO 6 Sync Type,195,LFO 6 Sync Type
lfo_6_tempo,lfo_6_tempo,7,0,12,LFO 6 Tempo,196,LFO 6 Tempo,196,LFO 6 Tempo
lfo_7_delay_time,lfo_7_delay_time,0,0,4,LFO 7 Delay,197,LFO 7 Delay,197,LFO 7 Delay
lfo_7_fade_time,lfo_7_fade_time,0,0,8,LFO 7 Fade In,198,LFO 7 Fade In,198,LFO 7 Fade In
lfo_7_frequency,lfo_7_frequency,1,-7,9,LFO 7 Frequency,199,LFO 7 Frequency,199,LFO 7 Frequency
lfo_7_keytrack_transpose,lfo_7_keytrack_transpose,-12,-60,36,LFO 7 Transpose,740,LFO 7 Transpose,740,LFO 7 Transpose
lfo_7_keytrack_tune,lfo_7_keytrack_tune,0,-1,1,LFO 7 Tune,741,LFO 7 Tune,741,LFO 7 Tune
lfo_7_phase,lfo_7_phase,0,0,1,LFO 7 Phase,200,LFO 7 Phase,200,LFO 7 Phase
lfo_7_smooth_mode,lfo_7_smooth_mode,1,0,1,LFO 7 Smooth Mode,767,LFO 7 Smooth Mode,767,LFO 7 Smooth Mode
lfo_7_smooth_time,lfo_7_smooth_time,-7.5,-10,4,LFO 7 Smooth Time,768,LFO 7 Smooth Time,768,LFO 7 Smooth Time
lfo_7_stereo,lfo_7_stereo,0,-0.5,0.5,LFO 7 Stereo,493,LFO 7 Stereo,493,LFO 7 Stereo
lfo_7_sync,lfo_7_sync,1,0,4,LFO 7 Sync,201,LFO 7 Sync,201,LFO 7 Sync
lfo_7_sync_type,lfo_7_sync_type,0,0,6,LFO 7 Sync Type,202,LFO 7 Sync Type,202,LFO 7 Sync Type
lfo_7_tempo,lfo_7_tempo,7,0,12,LFO 7 Tempo,203,LFO 7 Tempo,203,LFO 7 Tempo
lfo_8_delay_time,lfo_8_delay_time,0,0,4,LFO 8 Delay,204,LFO 8 Delay,204,LFO 8 Delay
lfo_8_fade_time,lfo_8_fade_time,0,0,8,LFO 8 Fade In,205,LFO 8 Fade In,205,LFO 8 Fade In
lfo_8_frequency,lfo_8_frequency,1,-7,9,LFO 8 Frequency,206,LFO 8 Frequency,206,LFO 8 Frequency
lfo_8_keytrack_transpose,lfo_8_keytrack_transpose,-12,-60,36,LFO 8 Transpose,742,LFO 8 Transpose,742,LFO 8 Transpose
lfo_8_keytrack_tune,lfo_8_keytrack_tune,0,-1,1,LFO 8 Tune,743,LFO 8 Tune,743,LFO 8 Tune
lfo_8_phase,lfo_8_phase,0,0,1,LFO 8 Phase,207,LFO 8 Phase,207,LFO 8 Phase
lfo_8_smooth_mode,lfo_8_smooth_mode,1,0,1,LFO 8 Smooth Mode,769,LFO 8 Smooth Mode,769,LFO 8 Smooth Mode
lfo_8_smooth_time,lfo_8_smooth_time,-7.5,-10,4,LFO 8 Smooth Time,770,LFO 8 Smooth Time,770,LFO 8 Smooth Time
lfo_8_stereo,lfo_8_stereo,0,-0.5,0.5,LFO 8 Stereo,494,LFO 8 Stereo,494,LFO 8 Stereo
lfo_8_sync,lfo_8_sync,1,0,4,LFO 8 Sync,208,LFO 8 Sync,208,LFO 8 Sync
lfo_8_sync_type,lfo_8_sync_type,0,0,6,LFO 8 Sync Type,209,LFO 8 Sync Type,209,LFO 8 Sync Type
lfo_8_tempo,lfo_8_tempo,7,0,12,LFO 8 Tempo,210,LFO 8 Tempo,210,LFO 8 Tempo
macro_control_1,macro_control_1,0,0,1,Macro 1,211,Macro 1,211,Macro 1
macro_control_2,macro_control_2,0,0,1,Macro 2,212,Macro 2,212,Macro 2
macro_control_3,macro_control_3,0,0,1,Macro 3,213,Macro 3,213,Macro 3
macro_control_4,macro_control_4,0,0,1,Macro 4,214,Macro 4,214,Macro 4
mod_wheel,mod_wheel,0,0,1,Mod Wheel,463,Mod Wheel,463,Mod Wheel
modulation_1_amount,modulation_1_amount,0,-1,1,Modulation 1 Amount,265,Modulation 1 Amount,265,Modulation 1 Amount
modulation_1_bipolar,modulation_1_bipolar,0,0,1,Modulation 1 Bipolar,266,Modulation 1 Bipolar,266,Modulation 1 Bipolar
modulation_1_bypass,modulation_1_bypass,0,0,1,Modulation 1 Bypass,267,Modulation 1 Bypass,267,Modulation 1 Bypass
modulation_1_power,modulation_1_power,0,-10,10,Modulation 1 Power,268,Modulation 1 Power,268,Modulation 1 Power
modulation_1_stereo,modulation_1_stereo,0,0,1,Modulation 1 Stereo,269,Modulation 1 Stereo,269,Modulation 1 Stereo
modulation_10_amount,modulation_10_amount,0,-1,1,Modulation 10 Amount,215,Modulation 10 Amount,215,Modulation 10 Amount
modulation_10_bipolar,modulation_10_bipolar,0,0,1,Modulation 10 Bipolar,216,Modulation 10 Bipolar,216,Modulation 10 Bipolar
modulation_10_bypass,modulation_10_bypass,0,0,1,Modulation 10 Bypass,217,Modulation 10 Bypass,217,Modulation 10 Bypass
modulation_10_power,modulation_10_power,0,-10,10,Modulation 10 Power,218,Modulation 10 Power,218,Modulation 10 Power
modulation_10_stereo,modulation_10_stereo,0,0,1,Modulation 10 Stereo,219,Modulation 10 Stereo,219,Modulation 10 Stereo
modulation_11_amount,modulation_11_amount,0,-1,1,Modulation 11 Amount,220,Modulation 11 Amount,220,Modulation 11 Amount
modulation_11_bipolar,modulation_11_bipolar,0,0,1,Modulation 11 Bipolar,221,Modulation 11 Bipolar,221,Modulation 11 Bipolar
modulation_11_bypass,modulation_11_bypass,0,0,1,Modulation 11 Bypass,222,Modulation 11 Bypass,222,Modulation 11 Bypass
modulation_11_power,modulation_11_power,0,-10,10,Modulation 11 Power,223,Modulation 11 Power,223,Modulation 11 Power
modulation_11_stereo,modulation_11_stereo,0,0,1,Modulation 11 Stereo,224,Modulation 11 Stereo,224,Modulation 11 Stereo
modulation_12_amount,modulation_12_amount,0,-1,1,Modulation 12 Amount,225,Modulation 12 Amount,225,Modulation 12 Amount
modulation_12_bipolar,modulation_12_bipolar,0,0,1,Modulation 12 Bipolar,226,Modulation 12 Bipolar,226,Modulation 12 Bipolar
modulation_12_bypass,modulation_12_bypass,0,0,1,Modulation 12 Bypass,227,Modulation 12 Bypass,227,Modulation 12 Bypass
modulation_12_power,modulation_12_power,0,-10,10,Modulation 12 Power,228,Modulation 12 Power,228,Modulation 12 Power
modulation_12_stereo,modulation_12_stereo,0,0,1,Modulation 12 Stereo,229,Modulation 12 Stereo,229,Modulation 12 Stereo
modulation_13_amount,modulation_13_amount,0,-1,1,Modulation 13 Amount,230,Modulation 13 Amount,230,Modulation 13 Amount
modulation_13_bipolar,modulation_13_bipolar,0,0,1,Modulation 13 Bipolar,231,Modulation 13 Bipolar,231,Modulation 13 Bipolar
modulation_13_bypass,modulation_13_bypass,0,0,1,Modulation 13 Bypass,232,Modulation 13 Bypass,232,Modulation 13 Bypass
modulation_13_power,modulation_13_power,0,-10,10,Modulation 13 Power,233,Modulation 13 Power,233,Modulation 13 Power
modulation_13_stereo,modulation_13_stereo,0,0,1,Modulation 13 Stereo,234,Modulation 13 Stereo,234,Modulation 13 Stereo
modulation_14_amount,modulation_14_amount,0,-1,1,Modulation 14 Amount,235,Modulation 14 Amount,235,Modulation 14 Amount
modulation_14_bipolar,modulation_14_bipolar,0,0,1,Modulation 14 Bipolar,236,Modulation 14 Bipolar,236,Modulation 14 Bipolar
modulation_14_bypass,modulation_14_bypass,0,0,1,Modulation 14 Bypass,237,Modulation 14 Bypass,237,Modulation 14 Bypass
modulation_14_power,modulation_14_power,0,-10,10,Modulation 14 Power,238,Modulation 14 Power,238,Modulation 14 Power
modulation_14_stereo,modulation_14_stereo,0,0,1,Modulation 14 Stereo,239,Modulation 14 Stereo,239,Modulation 14 Stereo
modulation_15_amount,modulation_15_amount,0,-1,1,Modulation 15 Amount,240,Modulation 15 Amount,240,Modulation 15 Amount
modulation_15_bipolar,modulation_15_bipolar,0,0,1,Modulation 15 Bipolar,241,Modulation 15 Bipolar,241,Modulation 15 Bipolar
modulation_15_bypass,modulation_15_bypass,0,0,1,Modulation 15 Bypass,242,Modulation 15 Bypass,242,Modulation 15 Bypass
modulation_15_power,modulation_15_power,0,-10,10,Modulation 15 Power,243,Modulation 15 Power,243,Modulation 15 Power
modulation_15_stereo,modulation_15_stereo,0,0,1,Modulation 15 Stereo,244,Modulation 15 Stereo,244,Modulation 15 Stereo
modulation_16_amount,modulation_16_amount,0,-1,1,Modulation 16 Amount,245,Modulation 16 Amount,245,Modulation 16 Amount
modulation_16_bipolar,modulation_16_bipolar,0,0,1,Modulation 16 Bipolar,246,Modulation 16 Bipolar,246,Modulation 16 Bipolar
modulation_16_bypass,modulation_16_bypass,0,0,1,Modulation 16 Bypass,247,Modulation 16 Bypass,247,Modulation 16 Bypass
modulation_16_power,modulation_16_power,0,-10,10,Modulation 16 Power,248,Modulation 16 Power,248,Modulation 16 Power
modulation_16_stereo,modulation_16_stereo,0,0,1,Modulation 16 Stereo,249,Modulation 16 Stereo,249,Modulation 16 Stereo
modulation_17_amount,modulation_17_amount,0,-1,1,Modulation 17 Amount,250,Modulation 17 Amount,250,Modulation 17 Amount
modulation_17_bipolar,modulation_17_bipolar,0,0,1,Modulation 17 Bipolar,251,Modulation 17 Bipolar,251,Modulation 17 Bipolar
modulation_17_bypass,modulation_17_bypass,0,0,1,Modulation 17 Bypass,252,Modulation 17 Bypass,252,Modulation 17 Bypass
modulation_17_power,modulation_17_power,0,-10,10,Modulation 17 Power,253,Modulation 17 Power,253,Modulation 17 Power
modulation_17_stereo,modulation_17_stereo,0,0,1,Modulation 17 Stereo,254,Modulation 17 Stereo,254,Modulation 17 Stereo
modulation_18_amount,modulation_18_amount,0,-1,1,Modulation 18 Amount,255,Modulation 18 Amount,255,Modulation 18 Amount
modulation_18_bipolar,modulation_18_bipolar,0,0,1,Modulation 18 Bipolar,256,Modulation 18 Bipolar,256,Modulation 18 Bipolar
modulation_18_bypass,modulation_18_bypass,0,0,1,Modulation 18 Bypass,257,Modulation 18 Bypass,257,Modulation 18 Bypass
modulation_18_power,modulation_18_power,0,-10,10,Modulation 18 Power,258,Modulation 18 Power,258,Modulation 18 Power
modulation_18_stereo,modulation_18_stereo,0,0,1,Modulation 18 Stereo,259,Modulation 18 Stereo,259,Modulation 18 Stereo
modulation_19_amount,modulation_19_amount,0,-1,1,Modulation 19 Amount,260,Modulation 19 Amount,260,Modulation 19 Amount
modulation_19_bipolar,modulation_19_bipolar,0,0,1,Modulation 19 Bipolar,261,Modulation 19 Bipolar,261,Modulation 19 Bipolar
modulation_19_bypass,modulation_19_bypass,0,0,1,Modulation 19 Bypass,262,Modulation 19 Bypass,262,Modulation 19 Bypass
modulation_19_power,modulation_19_power,0,-10,10,Modulation 19 Power,263,Modulation 19 Power,263,Modulation 19 Power
modulation_19_stereo,modulation_19_stereo,0,0,1,Modulation 19 Stereo,264,Modulation 19 Stereo,264,Modulation 19 Stereo
modulation_2_amount,modulation_2_amount,0,-1,1,Modulation 2 Amount,320,Modulation 2 Amount,320,Modulation 2 Amount
modulation_2_bipolar,modulation_2_bipolar,0,0,1,Modulation 2 Bipolar,321,Modulation 2 Bipolar,321,Modulation 2 Bipolar
modulation_2_bypass,modulation_2_bypass,0,0,1,Modulation 2 Bypass,322,Modulation 2 Bypass,322,Modulation 2 Bypass
modulation_2_power,modulation_2_power,0,-10,10,Modulation 2 Power,323,Modulation 2 Power,323,Modulation 2 Power
modulation_2_stereo,modulation_2_stereo,0,0,1,Modulation 2 Stereo,324,Modulation 2 Stereo,324,Modulation 2 Stereo
modulation_20_amount,modulation_20_amount,0,-1,1,Modulation 20 Amount,270,Modulation 20 Amount,270,Modulation 20 Amount
modulation_20_bipolar,modulation_20_bipolar,0,0,1,Modulation 20 Bipolar,271,Modulation 20 Bipolar,271,Modulation 20 Bipolar
modulation_20_bypass,modulation_20_bypass,0,0,1,Modulation 20 Bypass,272,Modulation 20 Bypass,272,Modulation 20 Bypass
modulation_20_power,modulation_20_power,0,-10,10,Modulation 20 Power,273,Modulation 20 Power,273,Modulation 20 Power
modulation_20_stereo,modulation_20_stereo,0,0,1,Modulation 20 Stereo,274,Modulation 20 Stereo,274,Modulation 20 Stereo
modulation_21_amount,modulation_21_amount,0,-1,1,Modulation 21 Amount,275,Modulation 21 Amount,275,Modulation 21 Amount
modulation_21_bipolar,modulation_21_bipolar,0,0,1,Modulation 21 Bipolar,276,Modulation 21 Bipolar,276,Modulation 21 Bipolar
modulation_21_bypass,modulation_21_bypass,0,0,1,Modulation 21 Bypass,277,Modulation 21 Bypass,277,Modulation 21 Bypass
modulation_21_power,modulation_21_power,0,-10,10,Modulation 21 Power,278,Modulation 21 Power,278,Modulation 21 Power
modulation_21_stereo,modulation_21_stereo,0,0,1,Modulation 21 Stereo,279,Modulation 21 Stereo,279,Modulation 21 Stereo
modulation_22_amount,modulation_22_amount,0,-1,1,Modulation 22 Amount,280,Modulation 22 Amount,280,Modulation 22 Amount
modulation_22_bipolar,modulation_22_bipolar,0,0,1,Modulation 22 Bipolar,281,Modulation 22 Bipolar,281,Modulation 22 Bipolar
modulation_22_bypass,modulation_22_bypass,0,0,1,Modulation 22 Bypass,282,Modulation 22 Bypass,282,Modulation 22 Bypass
modulation_22_power,modulation_22_power,0,-10,10,Modulation 22 Power,283,Modulation 22 Power,283,Modulation 22 Power
modulation_22_stereo,modulation_22_stereo,0,0,1,Modulation 22 Stereo,284,Modulation 22 Stereo,284,Modulation 22 Stereo
modulation_23_amount,modulation_23_amount,0,-1,1,Modulation 23 Amount,285,Modulation 23 Amount,285,Modulation 23 Amount
modulation_23_bipolar,modulation_23_bipolar,0,0,1,Modulation 23 Bipolar,286,Modulation 23 Bipolar,286,Modulation 23 Bipolar
modulation_23_bypass,modulation_23_bypass,0,0,1,Modulation 23 Bypass,287,Modulation 23 Bypass,287,Modulation 23 Bypass
modulation_23_power,modulation_23_power,0,-10,10,Modulation 23 Power,288,Modulation 23 Power,288,Modulation 23 Power
modulation_23_stereo,modulation_23_stereo,0,0,1,Modulation 23 Stereo,289,Modulation 23 Stereo,289,Modulation 23 Stereo
modulation_24_amount,modulation_24_amount,0,-1,1,Modulation 24 Amount,290,Modulation 24 Amount,290,Modulation 24 Amount
modulation_24_bipolar,modulation_24_bipolar,0,0,1,Modulation 24 Bipolar,291,Modulation 24 Bipolar,291,Modulation 24 Bipolar
modulation_24_bypass,modulation_24_bypass,0,0,1,Modulation 24 Bypass,292,Modulation 24 Bypass,292,Modulation 24 Bypass
modulation_24_power,modulation_24_power,0,-10,10,Modulation 24 Power,293,Modulation 24 Power,293,Modulation 24 Power
modulation_24_stereo,modulation_24_stereo,0,0,1,Modulation 24 Stereo,294,Modulation 24 Stereo,294,Modulation 24 Stereo
modulation_25_amount,modulation_25_amount,0,-1,1,Modulation 25 Amount,295,Modulation 25 Amount,295,Modulation 25 Amount
modulation_25_bipolar,modulation_25_bipolar,0,0,1,Modulation 25 Bipolar,296,Modulation 25 Bipolar,296,Modulation 25 Bipolar
modulation_25_bypass,modulation_25_bypass,0,0,1,Modulation 25 Bypass,297,Modulation 25 Bypass,297,Modulation 25 Bypass
modulation_25_power,modulation_25_power,0,-10,10,Modulation 25 Power,298,Modulation 25 Power,298,Modulation 25 Power
modulation_25_stereo,modulation_25_stereo,0,0,1,Modulation 25 Stereo,299,Modulation 25 Stereo,299,Modulation 25 Stereo
modulation_26_amount,modulation_26_amount,0,-1,1,Modulation 26 Amount,300,Modulation 26 Amount,300,Modulation 26 Amount
modulation_26_bipolar,modulation_26_bipolar,0,0,1,Modulation 26 Bipolar,301,Modulation 26 Bipolar,301,Modulation 26 Bipolar
modulation_26_bypass,modulation_26_bypass,0,0,1,Modulation 26 Bypass,302,Modulation 26 Bypass,302,Modulation 26 Bypass
modulation_26_power,modulation_26_power,0,-10,10,Modulation 26 Power,303,Modulation 26 Power,303,Modulation 26 Power
modulation_26_stereo,modulation_26_stereo,0,0,1,Modulation 26 Stereo,304,Modulation 26 Stereo,304,Modulation 26 Stereo
modulation_27_amount,modulation_27_amount,0,-1,1,Modulation 27 Amount,305,Modulation 27 Amount,305,Modulation 27 Amount
modulation_27_bipolar,modulation_27_bipolar,0,0,1,Modulation 27 Bipolar,306,Modulation 27 Bipolar,306,Modulation 27 Bipolar
modulation_27_bypass,modulation_27_bypass,0,0,1,Modulation 27 Bypass,307,Modulation 27 Bypass,307,Modulation 27 Bypass
modulation_27_power,modulation_27_power,0,-10,10,Modulation 27 Power,308,Modulation 27 Power,308,Modulation 27 Power
modulation_27_stereo,modulation_27_stereo,0,0,1,Modulation 27 Stereo,309,Modulation 27 Stereo,309,Modulation 27 Stereo
modulation_28_amount,modulation_28_amount,0,-1,1,Modulation 28 Amount,310,Modulation 28 Amount,310,Modulation 28 Amount
modulation_28_bipolar,modulation_28_bipolar,0,0,1,Modulation 28 Bipolar,311,Modulation 28 Bipolar,311,Modulation 28 Bipolar
modulation_28_bypass,modulation_28_bypass,0,0,1,Modulation 28 Bypass,312,Modulation 28 Bypass,312,Modulation 28 Bypass
modulation_28_power,modulation_28_power,0,-10,10,Modulation 28 Power,313,Modulation 28 Power,313,Modulation 28 Power
modulation_28_stereo,modulation_28_stereo,0,0,1,Modulation 28 Stereo,314,Modulation 28 Stereo,314,Modulation 28 Stereo
modulation_29_amount,modulation_29_amount,0,-1,1,Modulation 29 Amount,315,Modulation 29 Amount,315,Modulation 29 Amount
modulation_29_bipolar,modulation_29_bipolar,0,0,1,Modulation 29 Bipolar,316,Modulation 29 Bipolar,316,Modulation 29 Bipolar
modulation_29_bypass,modulation_29_bypass,0,0,1,Modulation 29 Bypass,317,Modulation 29 Bypass,317,Modulation 29 Bypass
modulation_29_power,modulation_29_power,0,-10,10,Modulation 29 Power,318,Modulation 29 Power,318,Modulation 29 Power
modulation_29_stereo,modulation_29_stereo,0,0,1,Modulation 29 Stereo,319,Modulation 29 Stereo,319,Modulation 29 Stereo
modulation_3_amount,modulation_3_amount,0,-1,1,Modulation 3 Amount,340,Modulation 3 Amount,340,Modulation 3 Amount
modulation_3_bipolar,modulation_3_bipolar,0,0,1,Modulation 3 Bipolar,341,Modulation 3 Bipolar,341,Modulation 3 Bipolar
modulation_3_bypass,modulation_3_bypass,0,0,1,Modulation 3 Bypass,342,Modulation 3 Bypass,342,Modulation 3 Bypass
modulation_3_power,modulation_3_power,0,-10,10,Modulation 3 Power,343,Modulation 3 Power,343,Modulation 3 Power
modulation_3_stereo,modulation_3_stereo,0,0,1,Modulation 3 Stereo,344,Modulation 3 Stereo,344,Modulation 3 Stereo
modulation_30_amount,modulation_30_amount,0,-1,1,Modulation 30 Amount,325,Modulation 30 Amount,325,Modulation 30 Amount
modulation_30_bipolar,modulation_30_bipolar,0,0,1,Modulation 30 Bipolar,326,Modulation 30 Bipolar,326,Modulation 30 Bipolar
modulation_30_bypass,modulation_30_bypass,0,0,1,Modulation 30 Bypass,327,Modulation 30 Bypass,327,Modulation 30 Bypass
modulation_30_power,modulation_30_power,0,-10,10,Modulation 30 Power,328,Modulation 30 Power,328,Modulation 30 Power
modulation_30_stereo,modulation_30_stereo,0,0,1,Modulation 30 Stereo,329,Modulation 30 Stereo,329,Modulation 30 Stereo
modulation_31_amount,modulation_31_amount,0,-1,1,Modulation 31 Amount,330,Modulation 31 Amount,330,Modulation 31 Amount
modulation_31_bipolar,modulation_31_bipolar,0,0,1,Modulation 31 Bipolar,331,Modulation 31 Bipolar,331,Modulation 31 Bipolar
modulation_31_bypass,modulation_31_bypass,0,0,1,Modulation 31 Bypass,332,Modulation 31 Bypass,332,Modulation 31 Bypass
modulation_31_power,modulation_31_power,0,-10,10,Modulation 31 Power,333,Modulation 31 Power,333,Modulation 31 Power
modulation_31_stereo,modulation_31_stereo,0,0,1,Modulation 31 Stereo,334,Modulation 31 Stereo,334,Modulation 31 Stereo
modulation_32_amount,modulation_32_amount,0,-1,1,Modulation 32 Amount,335,Modulation 32 Amount,335,Modulation 32 Amount
modulation_32_bipolar,modulation_32_bipolar,0,0,1,Modulation 32 Bipolar,336,Modulation 32 Bipolar,336,Modulation 32 Bipolar
modulation_32_bypass,modulation_32_bypass,0,0,1,Modulation 32 Bypass,337,Modulation 32 Bypass,337,Modulation 32 Bypass
modulation_32_power,modulation_32_power,0,-10,10,Modulation 32 Power,338,Modulation 32 Power,338,Modulation 32 Power
modulation_32_stereo,modulation_32_stereo,0,0,1,Modulation 32 Stereo,339,Modulation 32 Stereo,339,Modulation 32 Stereo
modulation_33_amount,modulation_33_amount,0,-1,1,Modulation 33 Amount,560,Modulation 33 Amount,560,Modulation 33 Amount
modulation_33_bipolar,modulation_33_bipolar,0,0,1,Modulation 33 Bipolar,561,Modulation 33 Bipolar,561,Modulation 33 Bipolar
modulation_33_bypass,modulation_33_bypass,0,0,1,Modulation 33 Bypass,562,Modulation 33 Bypass,562,Modulation 33 Bypass
modulation_33_power,modulation_33_power,0,-10,10,Modulation 33 Power,563,Modulation 33 Power,563,Modulation 33 Power
modulation_33_stereo,modulation_33_stereo,0,0,1,Modulation 33 Stereo,564,Modulation 33 Stereo,564,Modulation 33 Stereo
modulation_34_amount,modulation_34_amount,0,-1,1,Modulation 34 Amount,565,Modulation 34 Amount,565,Modulation 34 Amount
modulation_34_bipolar,modulation_34_bipolar,0,0,1,Modulation 34 Bipolar,566,Modulation 34 Bipolar,566,Modulation 34 Bipolar
modulation_34_bypass,modulation_34_bypass,0,0,1,Modulation 34 Bypass,567,Modulation 34 Bypass,567,Modulation 34 Bypass
modulation_34_power,modulation_34_power,0,-10,10,Modulation 34 Power,568,Modulation 34 Power,568,Modulation 34 Power
modulation_34_stereo,modulation_34_stereo,0,0,1,Modulation 34 Stereo,569,Modulation 34 Stereo,569,Modulation 34 Stereo
modulation_35_amount,modulation_35_amount,0,-1,1,Modulation 35 Amount,570,Modulation 35 Amount,570,Modulation 35 Amount
modulation_35_bipolar,modulation_35_bipolar,0,0,1,Modulation 35 Bipolar,571,Modulation 35 Bipolar,571,Modulation 35 Bipolar
modulation_35_bypass,modulation_35_bypass,0,0,1,Modulation 35 Bypass,572,Modulation 35 Bypass,572,Modulation 35 Bypass
modulation_35_power,modulation_35_power,0,-10,10,Modulation 35 Power,573,Modulation 35 Power,573,Modulation 35 Power
modulation_35_stereo,modulation_35_stereo,0,0,1,Modulation 35 Stereo,574,Modulation 35 Stereo,574,Modulation 35 Stereo
modulation_36_amount,modulation_36_amount,0,-1,1,Modulation 36 Amount,575,Modulation 36 Amount,575,Modulation 36 Amount
modulation_36_bipolar,modulation_36_bipolar,0,0,1,Modulation 36 Bipolar,576,Modulation 36 Bipolar,576,Modulation 36 Bipolar
modulation_36_bypass,modulation_36_bypass,0,0,1,Modulation 36 Bypass,577,Modulation 36 Bypass,577,Modulation 36 Bypass
modulation_36_power,modulation_36_power,0,-10,10,Modulation 36 Power,578,Modulation 36 Power,578,Modulation 36 Power
modulation_36_stereo,modulation_36_stereo,0,0,1,Modulation 36 Stereo,579,Modulation 36 Stereo,579,Modulation 36 Stereo
modulation_37_amount,modulation_37_amount,0,-1,1,Modulation 37 Amount,580,Modulation 37 Amount,580,Modulation 37 Amount
modulation_37_bipolar,modulation_37_bipolar,0,0,1,Modulation 37 Bipolar,581,Modulation 37 Bipolar,581,Modulation 37 Bipolar
modulation_37_bypass,modulation_37_bypass,0,0,1,Modulation 37 Bypass,582,Modulation 37 Bypass,582,Modulation 37 Bypass
modulation_37_power,modulation_37_power,0,-10,10,Modulation 37 Power,583,Modulation 37 Power,583,Modulation 37 Power
modulation_37_stereo,modulation_37_stereo,0,0,1,Modulation 37 Stereo,584,Modulation 37 Stereo,584,Modulation 37 Stereo
modulation_38_amount,modulation_38_amount,0,-1,1,Modulation 38 Amount,585,Modulation 38 Amount,585,Modulation 38 Amount
modulation_38_bipolar,modulation_38_bipolar,0,0,1,Modulation 38 Bipolar,586,Modulation 38 Bipolar,586,Modulation 38 Bipolar
modulation_38_bypass,modulation_38_bypass,0,0,1,Modulation 38 Bypass,587,Modulation 38 Bypass,587,Modulation 38 Bypass
modulation_38_power,modulation_38_power,0,-10,10,Modulation 38 Power,588,Modulation 38 Power,588,Modulation 38 Power
modulation_38_stereo,modulation_38_stereo,0,0,1,Modulation 38 Stereo,589,Modulation 38 Stereo,589,Modulation 38 Stereo
modulation_39_amount,modulation_39_amount,0,-1,1,Modulation 39 Amount,590,Modulation 39 Amount,590,Modulation 39 Amount
modulation_39_bipolar,modulation_39_bipolar,0,0,1,Modulation 39 Bipolar,591,Modulation 39 Bipolar,591,Modulation 39 Bipolar
modulation_39_bypass,modulation_39_bypass,0,0,1,Modulation 39 Bypass,592,Modulation 39 Bypass,592,Modulation 39 Bypass
modulation_39_power,modulation_39_power,0,-10,10,Modulation 39 Power,593,Modulation 39 Power,593,Modulation 39 Power
modulation_39_stereo,modulation_39_stereo,0,0,1,Modulation 39 Stereo,594,Modulation 39 Stereo,594,Modulation 39 Stereo
modulation_4_amount,modulation_4_amount,0,-1,1,Modulation 4 Amount,345,Modulation 4 Amount,345,Modulation 4 Amount
modulation_4_bipolar,modulation_4_bipolar,0,0,1,Modulation 4 Bipolar,346,Modulation 4 Bipolar,346,Modulation 4 Bipolar
modulation_4_bypass,modulation_4_bypass,0,0,1,Modulation 4 Bypass,347,Modulation 4 Bypass,347,Modulation 4 Bypass
modulation_4_power,modulation_4_power,0,-10,10,Modulation 4 Power,348,Modulation 4 Power,348,Modulation 4 Power
modulation_4_stereo,modulation_4_stereo,0,0,1,Modulation 4 Stereo,349,Modulation 4 Stereo,349,Modulation 4 Stereo
modulation_40_amount,modulation_40_amount,0,-1,1,Modulation 40 Amount,595,Modulation 40 Amount,595,Modulation 40 Amount
modulation_40_bipolar,modulation_40_bipolar,0,0,1,Modulation 40 Bipolar,596,Modulation 40 Bipolar,596,Modulation 40 Bipolar
modulation_40_bypass,modulation_40_bypass,0,0,1,Modulation 40 Bypass,597,Modulation 40 Bypass,597,Modulation 40 Bypass
modulation_40_power,modulation_40_power,0,-10,10,Modulation 40 Power,598,Modulation 40 Power,598,Modulation 40 Power
modulation_40_stereo,modulation_40_stereo,0,0,1,Modulation 40 Stereo,599,Modulation 40 Stereo,599,Modulation 40 Stereo
modulation_41_amount,modulation_41_amount,0,-1,1,Modulation 41 Amount,600,Modulation 41 Amount,600,Modulation 41 Amount
modulation_41_bipolar,modulation_41_bipolar,0,0,1,Modulation 41 Bipolar,601,Modulation 41 Bipolar,601,Modulation 41 Bipolar
modulation_41_bypass,modulation_41_bypass,0,0,1,Modulation 41 Bypass,602,Modulation 41 Bypass,602,Modulation 41 Bypass
modulation_41_power,modulation_41_power,0,-10,10,Modulation 41 Power,603,Modulation 41 Power,603,Modulation 41 Power
modulation_41_stereo,modulation_41_stereo,0,0,1,Modulation 41 Stereo,604,Modulation 41 Stereo,604,Modulation 41 Stereo
modulation_42_amount,modulation_42_amount,0,-1,1,Modulation 42 Amount,605,Modulation 42 Amount,605,Modulation 42 Amount
modulation_42_bipolar,modulation_42_bipolar,0,0,1,Modulation 42 Bipolar,606,Modulation 42 Bipolar,606,Modulation 42 Bipolar
modulation_42_bypass,modulation_42_bypass,0,0,1,Modulation 42 Bypass,607,Modulation 42 Bypass,607,Modulation 42 Bypass
modulation_42_power,modulation_42_power,0,-10,10,Modulation 42 Power,608,Modulation 42 Power,608,Modulation 42 Power
modulation_42_stereo,modulation_42_stereo,0,0,1,Modulation 42 Stereo,609,Modulation 42 Stereo,609,Modulation 42 Stereo
modulation_43_amount,modulation_43_amount,0,-1,1,Modulation 43 Amount,610,Modulation 43 Amount,610,Modulation 43 Amount
modulation_43_bipolar,modulation_43_bipolar,0,0,1,Modulation 43 Bipolar,611,Modulation 43 Bipolar,611,Modulation 43 Bipolar
modulation_43_bypass,modulation_43_bypass,0,0,1,Modulation 43 Bypass,612,Modulation 43 Bypass,612,Modulation 43 Bypass
modulation_43_power,modulation_43_power,0,-10,10,Modulation 43 Power,613,Modulation 43 Power,613,Modulation 43 Power
modulation_43_stereo,modulation_43_stereo,0,0,1,Modulation 43 Stereo,614,Modulation 43 Stereo,614,Modulation 43 Stereo
modulation_44_amount,modulation_44_amount,0,-1,1,Modulation 44 Amount,615,Modulation 44 Amount,615,Modulation 44 Amount
modulation_44_bipolar,modulation_44_bipolar,0,0,1,Modulation 44 Bipolar,616,Modulation 44 Bipolar,616,Modulation 44 Bipolar
modulation_44_bypass,modulation_44_bypass,0,0,1,Modulation 44 Bypass,617,Modulation 44 Bypass,617,Modulation 44 Bypass
modulation_44_power,modulation_44_power,0,-10,10,Modulation 44 Power,618,Modulation 44 Power,618,Modulation 44 Power
modulation_44_stereo,modulation_44_stereo,0,0,1,Modulation 44 Stereo,619,Modulation 44 Stereo,619,Modulation 44 Stereo
modulation_45_amount,modulation_45_amount,0,-1,1,Modulation 45 Amount,620,Modulation 45 Amount,620,Modulation 45 Amount
modulation_45_bipolar,modulation_45_bipolar,0,0,1,Modulation 45 Bipolar,621,Modulation 45 Bipolar,621,Modulation 45 Bipolar
modulation_45_bypass,modulation_45_bypass,0,0,1,Modulation 45 Bypass,622,Modulation 45 Bypass,622,Modulation 45 Bypass
modulation_45_power,modulation_45_power,0,-10,10,Modulation 45 Power,623,Modulation 45 Power,623,Modulation 45 Power
modulation_45_stereo,modulation_45_stereo,0,0,1,Modulation 45 Stereo,624,Modulation 45 Stereo,624,Modulation 45 Stereo
modulation_46_amount,modulation_46_amount,0,-1,1,Modulation 46 Amount,625,Modulation 46 Amount,625,Modulation 46 Amount
modulation_46_bipolar,modulation_46_bipolar,0,0,1,Modulation 46 Bipolar,626,Modulation 46 Bipolar,626,Modulation 46 Bipolar
modulation_46_bypass,modulation_46_bypass,0,0,1,Modulation 46 Bypass,627,Modulation 46 Bypass,627,Modulation 46 Bypass
modulation_46_power,modulation_46_power,0,-10,10,Modulation 46 Power,628,Modulation 46 Power,628,Modulation 46 Power
modulation_46_stereo,modulation_46_stereo,0,0,1,Modulation 46 Stereo,629,Modulation 46 Stereo,629,Modulation 46 Stereo
modulation_47_amount,modulation_47_amount,0,-1,1,Modulation 47 Amount,630,Modulation 47 Amount,630,Modulation 47 Amount
modulation_47_bipolar,modulation_47_bipolar,0,0,1,Modulation 47 Bipolar,631,Modulation 47 Bipolar,631,Modulation 47 Bipolar
modulation_47_bypass,modulation_47_bypass,0,0,1,Modulation 47 Bypass,632,Modulation 47 Bypass,632,Modulation 47 Bypass
modulation_47_power,modulation_47_power,0,-10,10,Modulation 47 Power,633,Modulation 47 Power,633,Modulation 47 Power
modulation_47_stereo,modulation_47_stereo,0,0,1,Modulation 47 Stereo,634,Modulation 47 Stereo,634,Modulation 47 Stereo
modulation_48_amount,modulation_48_amount,0,-1,1,Modulation 48 Amount,635,Modulation 48 Amount,635,Modulation 48 Amount
modulation_48_bipolar,modulation_48_bipolar,0,0,1,Modulation 48 Bipolar,636,Modulation 48 Bipolar,636,Modulation 48 Bipolar
modulation_48_bypass,modulation_48_bypass,0,0,1,Modulation 48 Bypass,637,Modulation 48 Bypass,637,Modulation 48 Bypass
modulation_48_power,modulation_48_power,0,-10,10,Modulation 48 Power,638,Modulation 48 Power,638,Modulation 48 Power
modulation_48_stereo,modulation_48_stereo,0,0,1,Modulation 48 Stereo,639,Modulation 48 Stereo,639,Modulation 48 Stereo
modulation_49_amount,modulation_49_amount,0,-1,1,Modulation 49 Amount,640,Modulation 49 Amount,640,Modulation 49 Amount
modulation_49_bipolar,modulation_49_bipolar,0,0,1,Modulation 49 Bipolar,641,Modulation 49 Bipolar,641,Modulation 49 Bipolar
modulation_49_bypass,modulation_49_bypass,0,0,1,Modulation 49 Bypass,642,Modulation 49 Bypass,642,Modulation 49 Bypass
modulation_49_power,modulation_49_power,0,-10,10,Modulation 49 Power,643,Modulation 49 Power,643,Modulation 49 Power
modulation_49_stereo,modulation_49_stereo,0,0,1,Modulation 49 Stereo,644,Modulation 49 Stereo,644,Modulation 49 Stereo
modulation_5_amount,modulation_5_amount,0,-1,1,Modulation 5 Amount,350,Modulation 5 Amount,350,Modulation 5 Amount
modulation_5_bipolar,modulation_5_bipolar,0,0,1,Modulation 5 Bipolar,351,Modulation 5 Bipolar,351,Modulation 5 Bipolar
modulation_5_bypass,modulation_5_bypass,0,0,1,Modulation 5 Bypass,352,Modulation 5 Bypass,352,Modulation 5 Bypass
modulation_5_power,modulation_5_power,0,-10,10,Modulation 5 Power,353,Modulation 5 Power,353,Modulation 5 Power
modulation_5_stereo,modulation_5_stereo,0,0,1,Modulation 5 Stereo,354,Modulation 5 Stereo,354,Modulation 5 Stereo
modulation_50_amount,modulation_50_amount,0,-1,1,Modulation 50 Amount,645,Modulation 50 Amount,645,Modulation 50 Amount
modulation_50_bipolar,modulation_50_bipolar,0,0,1,Modulation 50 Bipolar,646,Modulation 50 Bipolar,646,Modulation 50 Bipolar
modulation_50_bypass,modulation_50_bypass,0,0,1,Modulation 50 Bypass,647,Modulation 50 Bypass,647,Modulation 50 Bypass
modulation_50_power,modulation_50_power,0,-10,10,Modulation 50 Power,648,Modulation 50 Power,648,Modulation 50 Power
modulation_50_stereo,modulation_50_stereo,0,0,1,Modulation 50 Stereo,649,Modulation 50 Stereo,649,Modulation 50 Stereo
modulation_51_amount,modulation_51_amount,0,-1,1,Modulation 51 Amount,650,Modulation 51 Amount,650,Modulation 51 Amount
modulation_51_bipolar,modulation_51_bipolar,0,0,1,Modulation 51 Bipolar,651,Modulation 51 Bipolar,651,Modulation 51 Bipolar
modulation_51_bypass,modulation_51_bypass,0,0,1,Modulation 51 Bypass,652,Modulation 51 Bypass,652,Modulation 51 Bypass
modulation_51_power,modulation_51_power,0,-10,10,Modulation 51 Power,653,Modulation 51 Power,653,Modulation 51 Power
modulation_51_stereo,modulation_51_stereo,0,0,1,Modulation 51 Stereo,654,Modulation 51 Stereo,654,Modulation 51 Stereo
modulation_52_amount,modulation_52_amount,0,-1,1,Modulation 52 Amount,655,Modulation 52 Amount,655,Modulation 52 Amount
modulation_52_bipolar,modulation_52_bipolar,0,0,1,Modulation 52 Bipolar,656,Modulation 52 Bipolar,656,Modulation 52 Bipolar
modulation_52_bypass,modulation_52_bypass,0,0,1,Modulation 52 Bypass,657,Modulation 52 Bypass,657,Modulation 52 Bypass
modulation_52_power,modulation_52_power,0,-10,10,Modulation 52 Power,658,Modulation 52 Power,658,Modulation 52 Power
modulation_52_stereo,modulation_52_stereo,0,0,1,Modulation 52 Stereo,659,Modulation 52 Stereo,659,Modulation 52 Stereo
modulation_53_amount,modulation_53_amount,0,-1,1,Modulation 53 Amount,660,Modulation 53 Amount,660,Modulation 53 Amount
modulation_53_bipolar,modulation_53_bipolar,0,0,1,Modulation 53 Bipolar,661,Modulation 53 Bipolar,661,Modulation 53 Bipolar
modulation_53_bypass,modulation_53_bypass,0,0,1,Modulation 53 Bypass,662,Modulation 53 Bypass,662,Modulation 53 Bypass
modulation_53_power,modulation_53_power,0,-10,10,Modulation 53 Power,663,Modulation 53 Power,663,Modulation 53 Power
modulation_53_stereo,modulation_53_stereo,0,0,1,Modulation 53 Stereo,664,Modulation 53 Stereo,664,Modulation 53 Stereo
modulation_54_amount,modulation_54_amount,0,-1,1,Modulation 54 Amount,665,Modulation 54 Amount,665,Modulation 54 Amount
modulation_54_bipolar,modulation_54_bipolar,0,0,1,Modulation 54 Bipolar,666,Modulation 54 Bipolar,666,Modulation 54 Bipolar
modulation_54_bypass,modulation_54_bypass,0,0,1,Modulation 54 Bypass,667,Modulation 54 Bypass,667,Modulation 54 Bypass
modulation_54_power,modulation_54_power,0,-10,10,Modulation 54 Power,668,Modulation 54 Power,668,Modulation 54 Power
modulation_54_stereo,modulation_54_stereo,0,0,1,Modulation 54 Stereo,669,Modulation 54 Stereo,669,Modulation 54 Stereo
modulation_55_amount,modulation_55_amount,0,-1,1,Modulation 55 Amount,670,Modulation 55 Amount,670,Modulation 55 Amount
modulation_55_bipolar,modulation_55_bipolar,0,0,1,Modulation 55 Bipolar,671,Modulation 55 Bipolar,671,Modulation 55 Bipolar
modulation_55_bypass,modulation_55_bypass,0,0,1,Modulation 55 Bypass,672,Modulation 55 Bypass,672,Modulation 55 Bypass
modulation_55_power,modulation_55_power,0,-10,10,Modulation 55 Power,673,Modulation 55 Power,673,Modulation 55 Power
modulation_55_stereo,modulation_55_stereo,0,0,1,Modulation 55 Stereo,674,Modulation 55 Stereo,674,Modulation 55 Stereo
modulation_56_amount,modulation_56_amount,0,-1,1,Modulation 56 Amount,675,Modulation 56 Amount,675,Modulation 56 Amount
modulation_56_bipolar,modulation_56_bipolar,0,0,1,Modulation 56 Bipolar,676,Modulation 56 Bipolar,676,Modulation 56 Bipolar
modulation_56_bypass,modulation_56_bypass,0,0,1,Modulation 56 Bypass,677,Modulation 56 Bypass,677,Modulation 56 Bypass
modulation_56_power,modulation_56_power,0,-10,10,Modulation 56 Power,678,Modulation 56 Power,678,Modulation 56 Power
modulation_56_stereo,modulation_56_stereo,0,0,1,Modulation 56 Stereo,679,Modulation 56 Stereo,679,Modulation 56 Stereo
modulation_57_amount,modulation_57_amount,0,-1,1,Modulation 57 Amount,680,Modulation 57 Amount,680,Modulation 57 Amount
modulation_57_bipolar,modulation_57_bipolar,0,0,1,Modulation 57 Bipolar,681,Modulation 57 Bipolar,681,Modulation 57 Bipolar
modulation_57_bypass,modulation_57_bypass,0,0,1,Modulation 57 Bypass,682,Modulation 57 Bypass,682,Modulation 57 Bypass
modulation_57_power,modulation_57_power,0,-10,10,Modulation 57 Power,683,Modulation 57 Power,683,Modulation 57 Power
modulation_57_stereo,modulation_57_stereo,0,0,1,Modulation 57 Stereo,684,Modulation 57 Stereo,684,Modulation 57 Stereo
modulation_58_amount,modulation_58_amount,0,-1,1,Modulation 58 Amount,685,Modulation 58 Amount,685,Modulation 58 Amount
modulation_58_bipolar,modulation_58_bipolar,0,0,1,Modulation 58 Bipolar,686,Modulation 58 Bipolar,686,Modulation 58 Bipolar
modulation_58_bypass,modulation_58_bypass,0,0,1,Modulation 58 Bypass,687,Modulation 58 Bypass,687,Modulation 58 Bypass
modulation_58_power,modulation_58_power,0,-10,10,Modulation 58 Power,688,Modulation 58 Power,688,Modulation 58 Power
modulation_58_stereo,modulation_58_stereo,0,0,1,Modulation 58 Stereo,689,Modulation 58 Stereo,689,Modulation 58 Stereo
modulation_59_amount,modulation_59_amount,0,-1,1,Modulation 59 Amount,690,Modulation 59 Amount,690,Modulation 59 Amount
modulation_59_bipolar,modulation_59_bipolar,0,0,1,Modulation 59 Bipolar,691,Modulation 59 Bipolar,691,Modulation 59 Bipolar
modulation_59_bypass,modulation_59_bypass,0,0,1,Modulation 59 Bypass,692,Modulation 59 Bypass,692,Modulation 59 Bypass
modulation_59_power,modulation_59_power,0,-10,10,Modulation 59 Power,693,Modulation 59 Power,693,Modulation 59 Power
modulation_59_stereo,modulation_59_stereo,0,0,1,Modulation 59 Stereo,694,Modulation 59 Stereo,694,Modulation 59 Stereo
modulation_6_amount,modulation_6_amount,0,-1,1,Modulation 6 Amount,355,Modulation 6 Amount,355,Modulation 6 Amount
modulation_6_bipolar,modulation_6_bipolar,0,0,1,Modulation 6 Bipolar,356,Modulation 6 Bipolar,356,Modulation 6 Bipolar
modulation_6_bypass,modulation_6_bypass,0,0,1,Modulation 6 Bypass,357,Modulation 6 Bypass,357,Modulation 6 Bypass
modulation_6_power,modulation_6_power,0,-10,10,Modulation 6 Power,358,Modulation 6 Power,358,Modulation 6 Power
modulation_6_stereo,modulation_6_stereo,0,0,1,Modulation 6 Stereo,359,Modulation 6 Stereo,359,Modulation 6 Stereo
modulation_60_amount,modulation_60_amount,0,-1,1,Modulation 60 Amount,695,Modulation 60 Amount,695,Modulation 60 Amount
modulation_60_bipolar,modulation_60_bipolar,0,0,1,Modulation 60 Bipolar,696,Modulation 60 Bipolar,696,Modulation 60 Bipolar
modulation_60_bypass,modulation_60_bypass,0,0,1,Modulation 60 Bypass,697,Modulation 60 Bypass,697,Modulation 60 Bypass
modulation_60_power,modulation_60_power,0,-10,10,Modulation 60 Power,698,Modulation 60 Power,698,Modulation 60 Power
modulation_60_stereo,modulation_60_stereo,0,0,1,Modulation 60 Stereo,699,Modulation 60 Stereo,699,Modulation 60 Stereo
modulation_61_amount,modulation_61_amount,0,-1,1,Modulation 61 Amount,700,Modulation 61 Amount,700,Modulation 61 Amount
modulation_61_bipolar,modulation_61_bipolar,0,0,1,Modulation 61 Bipolar,701,Modulation 61 Bipolar,701,Modulation 61 Bipolar
modulation_61_bypass,modulation_61_bypass,0,0,1,Modulation 61 Bypass,702,Modulation 61 Bypass,702,Modulation 61 Bypass
modulation_61_power,modulation_61_power,0,-10,10,Modulation 61 Power,703,Modulation 61 Power,703,Modulation 61 Power
modulation_61_stereo,modulation_61_stereo,0,0,1,Modulation 61 Stereo,704,Modulation 61 Stereo,704,Modulation 61 Stereo
modulation_62_amount,modulation_62_amount,0,-1,1,Modulation 62 Amount,705,Modulation 62 Amount,705,Modulation 62 Amount
modulation_62_bipolar,modulation_62_bipolar,0,0,1,Modulation 62 Bipolar,706,Modulation 62 Bipolar,706,Modulation 62 Bipolar
modulation_62_bypass,modulation_62_bypass,0,0,1,Modulation 62 Bypass,707,Modulation 62 Bypass,707,Modulation 62 Bypass
modulation_62_power,modulation_62_power,0,-10,10,Modulation 62 Power,708,Modulation 62 Power,708,Modulation 62 Power
modulation_62_stereo,modulation_62_stereo,0,0,1,Modulation 62 Stereo,709,Modulation 62 Stereo,709,Modulation 62 Stereo
modulation_63_amount,modulation_63_amount,0,-1,1,Modulation 63 Amount,710,Modulation 63 Amount,710,Modulation 63 Amount
modulation_63_bipolar,modulation_63_bipolar,0,0,1,Modulation 63 Bipolar,711,Modulation 63 Bipolar,711,Modulation 63 Bipolar
modulation_63_bypass,modulation_63_bypass,0,0,1,Modulation 63 Bypass,712,Modulation 63 Bypass,712,Modulation 63 Bypass
modulation_63_power,modulation_63_power,0,-10,10,Modulation 63 Power,713,Modulation 63 Power,713,Modulation 63 Power
modulation_63_stereo,modulation_63_stereo,0,0,1,Modulation 63 Stereo,714,Modulation 63 Stereo,714,Modulation 63 Stereo
modulation_64_amount,modulation_64_amount,0,-1,1,Modulation 64 Amount,715,Modulation 64 Amount,715,Modulation 64 Amount
modulation_64_bipolar,modulation_64_bipolar,0,0,1,Modulation 64 Bipolar,716,Modulation 64 Bipolar,716,Modulation 64 Bipolar
modulation_64_bypass,modulation_64_bypass,0,0,1,Modulation 64 Bypass,717,Modulation 64 Bypass,717,Modulation 64 Bypass
modulation_64_power,modulation_64_power,0,-10,10,Modulation 64 Power,718,Modulation 64 Power,718,Modulation 64 Power
modulation_64_stereo,modulation_64_stereo,0,0,1,Modulation 64 Stereo,719,Modulation 64 Stereo,719,Modulation 64 Stereo
modulation_7_amount,modulation_7_amount,0,-1,1,Modulation 7 Amount,360,Modulation 7 Amount,360,Modulation 7 Amount
modulation_7_bipolar,modulation_7_bipolar,0,0,1,Modulation 7 Bipolar,361,Modulation 7 Bipolar,361,Modulation 7 Bipolar
modulation_7_bypass,modulation_7_bypass,0,0,1,Modulation 7 Bypass,362,Modulation 7 Bypass,362,Modulation 7 Bypass
modulation_7_power,modulation_7_power,0,-10,10,Modulation 7 Power,363,Modulation 7 Power,363,Modulation 7 Power
modulation_7_stereo,modulation_7_stereo,0,0,1,Modulation 7 Stereo,364,Modulation 7 Stereo,364,Modulation 7 Stereo
modulation_8_amount,modulation_8_amount,0,-1,1,Modulation 8 Amount,365,Modulation 8 Amount,365,Modulation 8 Amount
modulation_8_bipolar,modulation_8_bipolar,0,0,1,Modulation 8 Bipolar,366,Modulation 8 Bipolar,366,Modulation 8 Bipolar
modulation_8_bypass,modulation_8_bypass,0,0,1,Modulation 8 Bypass,367,Modulation 8 Bypass,367,Modulation 8 Bypass
modulation_8_power,modulation_8_power,0,-10,10,Modulation 8 Power,368,Modulation 8 Power,368,Modulation 8 Power
modulation_8_stereo,modulation_8_stereo,0,0,1,Modulation 8 Stereo,369,Modulation 8 Stereo,369,Modulation 8 Stereo
modulation_9_amount,modulation_9_amount,0,-1,1,Modulation 9 Amount,370,Modulation 9 Amount,370,Modulation 9 Amount
modulation_9_bipolar,modulation_9_bipolar,0,0,1,Modulation 9 Bipolar,371,Modulation 9 Bipolar,371,Modulation 9 Bipolar
modulation_9_bypass,modulation_9_bypass,0,0,1,Modulation 9 Bypass,372,Modulation 9 Bypass,372,Modulation 9 Bypass
modulation_9_power,modulation_9_power,0,-10,10,Modulation 9 Power,373,Modulation 9 Power,373,Modulation 9 Power
modulation_9_stereo,modulation_9_stereo,0,0,1,Modulation 9 Stereo,374,Modulation 9 Stereo,374,Modulation 9 Stereo
mpe_enabled,mpe_enabled,1,0,1,MPE Enabled,535,MPE Enabled,535,MPE Enabled
osc_1_destination,osc_1_destination,3,0,14,Oscillator 1 Destination,501,Oscillator 1 Destination,501,Oscillator 1 Destination
osc_1_detune_power,osc_1_detune_power,1.5,-5,5,Oscillator 1 Detune Power,375,Oscillator 1 Detune Power,375,Oscillator 1 Detune Power
osc_1_detune_range,osc_1_detune_range,2,0,48,Oscillator 1 Detune Range,376,Oscillator 1 Detune Range,376,Oscillator 1 Detune Range
osc_1_distortion_amount,osc_1_distortion_amount,0.5,0,1,Oscillator 1 Distortion Amount,377,Oscillator 1 Distortion Amount,377,Oscillator 1 Distortion Amount
osc_1_distortion_phase,osc_1_distortion_phase,0.5,0,1,Oscillator 1 Distortion Phase,378,Oscillator 1 Distortion Phase,378,Oscillator 1 Distortion Phase
osc_1_distortion_spread,osc_1_distortion_spread,0,-0.5,0.5,Oscillator 1 Distortion Spread,379,Oscillator 1 Distortion Spread,379,Oscillator 1 Distortion Spread
osc_1_distortion_type,osc_1_distortion_type,0,0,12,Oscillator 1 Distortion Type,380,Oscillator 1 Distortion Type,380,Oscillator 1 Distortion Type
osc_1_frame_spread,osc_1_frame_spread,0,-128,128,Oscillator 1 Unison Frame Spread,381,Oscillator 1 Unison Frame Spread,381,Oscillator 1 Unison Frame Spread
osc_1_level,osc_1_level,0.70710676908493,0,1,Oscillator 1 Level,382,Oscillator 1 Level,382,Oscillator 1 Level
osc_1_midi_track,osc_1_midi_track,1,0,1,Oscillator 1 Midi Track,383,Oscillator 1 Midi Track,383,Oscillator 1 Midi Track
osc_1_on,osc_1_on,0,0,1,Oscillator 1 Switch,384,Oscillator 1 Switch,384,Oscillator 1 Switch
osc_1_pan,osc_1_pan,0,-1,1,Oscillator 1 Pan,385,Oscillator 1 Pan,385,Oscillator 1 Pan
osc_1_phase,osc_1_phase,0.5,0,1,Oscillator 1 Phase,386,Oscillator 1 Phase,386,Oscillator 1 Phase
osc_1_random_phase,osc_1_random_phase,1,0,1,Oscillator 1 Phase Randomization,387,Oscillator 1 Phase Randomization,387,Oscillator 1 Phase Randomization
osc_1_smooth_interpolation,osc_1_smooth_interpolation,0,0,1,Oscillator 1 Smooth Interpolation,388,Oscillator 1 Smooth Interpolatio,388,Oscillator 1 Smooth Interpolation
osc_1_spectral_morph_amount,osc_1_spectral_morph_amount,0.5,0,1,Oscillator 1 Frequency Morph Amount,495,Oscillator 1 Frequency Morph Amo,495,Oscillator 1 Frequency Morph Amount
osc_1_spectral_morph_phase,osc_1_spectral_morph_phase,0.5,0,1,Oscillator 1 Frequency Morph Phase,772,Oscillator 1 Frequency Morph Pha,772,Oscillator 1 Frequency Morph Phase
osc_1_spectral_morph_spread,osc_1_spectral_morph_spread,0,-0.5,0.5,Oscillator 1 Frequency Morph Spread,496,Oscillator 1 Frequency Morph Spr,496,Oscillator 1 Frequency Morph Spread
osc_1_spectral_morph_type,osc_1_spectral_morph_type,0,0,16,Oscillator 1 Frequency Morph Type,497,Oscillator 1 Frequency Morph Typ,497,Oscillator 1 Frequency Morph Type
osc_1_spectral_unison,osc_1_spectral_unison,1,0,1,Oscillator 1 Spectral Unison,502,Oscillator 1 Spectral Unison,502,Oscillator 1 Spectral Unison
osc_1_stack_style,osc_1_stack_style,0,0,12,Oscillator 1 Stack Style,389,Oscillator 1 Stack Style,389,Oscillator 1 Stack Style
osc_1_stereo_spread,osc_1_stereo_spread,1,0,1,Oscillator 1 Stereo Spread,390,Oscillator 1 Stereo Spread,390,Oscillator 1 Stereo Spread
osc_1_transpose,osc_1_transpose,0,-48,48,Oscillator 1 Transpose,391,Oscillator 1 Transpose,391,Oscillator 1 Transpose
osc_1_transpose_quantize,osc_1_transpose_quantize,0,0,8191,Oscillator 1 Transpose Quantize,392,Oscillator 1 Transpose Quantize,392,Oscillator 1 Transpose Quantize
osc_1_tune,osc_1_tune,0,-1,1,Oscillator 1 Tune,393,Oscillator 1 Tune,393,Oscillator 1 Tune
osc_1_unison_blend,osc_1_unison_blend,0.800000011920929,0,1,Oscillator 1 Blend,394,Oscillator 1 Blend,394,Oscillator 1 Blend
osc_1_unison_detune,osc_1_unison_detune,4.4721360206604,0,10,Oscillator 1 Unison Detune,395,Oscillator 1 Unison Detune,395,Oscillator 1 Unison Detune
osc_1_unison_voices,osc_1_unison_voices,1,1,16,Oscillator 1 Unison Voices,396,Oscillator 1 Unison Voices,396,Oscillator 1 Unison Voices
osc_1_view_2d,osc_1_view_2d,1,0,2,Oscillator 1 View 2D,485,Oscillator 1 View 2D,485,Oscillator 1 View 2D
osc_1_wave_frame,osc_1_wave_frame,0,0,256,Oscillator 1 Wave Frame,397,Oscillator 1 Wave Frame,397,Oscillator 1 Wave Frame
osc_2_destination,osc_2_destination,3,0,14,Oscillator 2 Destination,503,Oscillator 2 Destination,503,Oscillator 2 Destination
osc_2_detune_power,osc_2_detune_power,1.5,-5,5,Oscillator 2 Detune Power,398,Oscillator 2 Detune Power,398,Oscillator 2 Detune Power
osc_2_detune_range,osc_2_detune_range,2,0,48,Oscillator 2 Detune Range,399,Oscillator 2 Detune Range,399,Oscillator 2 Detune Range
osc_2_distortion_amount,osc_2_distortion_amount,0.5,0,1,Oscillator 2 Distortion Amount,400,Oscillator 2 Distortion Amount,400,Oscillator 2 Distortion Amount
osc_2_distortion_phase,osc_2_distortion_phase,0.5,0,1,Oscillator 2 Distortion Phase,401,Oscillator 2 Distortion Phase,401,Oscillator 2 Distortion Phase
osc_2_distortion_spread,osc_2_distortion_spread,0,-0.5,0.5,Oscillator 2 Distortion Spread,402,Oscillator 2 Distortion Spread,402,Oscillator 2 Distortion Spread
osc_2_distortion_type,osc_2_distortion_type,0,0,12,Oscillator 2 Distortion Type,403,Oscillator 2 Distortion Type,403,Oscillator 2 Distortion Type
osc_2_frame_spread,osc_2_frame_spread,0,-128,128,Oscillator 2 Unison Frame Spread,404,Oscillator 2 Unison Frame Spread,404,Oscillator 2 Unison Frame Spread
osc_2_level,osc_2_level,0.70710676908493,0,1,Oscillator 2 Level,405,Oscillator 2 Level,405,Oscillator 2 Level
osc_2_midi_track,osc_2_midi_track,1,0,1,Oscillator 2 Midi Track,406,Oscillator 2 Midi Track,406,Oscillator 2 Midi Track
osc_2_on,osc_2_on,0,0,1,Oscillator 2 Switch,407,Oscillator 2 Switch,407,Oscillator 2 Switch
osc_2_pan,osc_2_pan,0,-1,1,Oscillator 2 Pan,408,Oscillator 2 Pan,408,Oscillator 2 Pan
osc_2_phase,osc_2_phase,0.5,0,1,Oscillator 2 Phase,409,Oscillator 2 Phase,409,Oscillator 2 Phase
osc_2_random_phase,osc_2_random_phase,1,0,1,Oscillator 2 Phase Randomization,410,Oscillator 2 Phase Randomization,410,Oscillator 2 Phase Randomization
osc_2_smooth_interpolation,osc_2_smooth_interpolation,0,0,1,Oscillator 2 Smooth Interpolation,411,Oscillator 2 Smooth Interpolatio,411,Oscillator 2 Smooth Interpolation
osc_2_spectral_morph_amount,osc_2_spectral_morph_amount,0.5,0,1,Oscillator 2 Frequency Morph Amount,498,Oscillator 2 Frequency Morph Amo,498,Oscillator 2 Frequency Morph Amount
osc_2_spectral_morph_phase,osc_2_spectral_morph_phase,0.5,0,1,Oscillator 2 Frequency Morph Phase,773,Oscillator 2 Frequency Morph Pha,773,Oscillator 2 Frequency Morph Phase
osc_2_spectral_morph_spread,osc_2_spectral_morph_spread,0,-0.5,0.5,Oscillator 2 Frequency Morph Spread,499,Oscillator 2 Frequency Morph Spr,499,Oscillator 2 Frequency Morph Spread
osc_2_spectral_morph_type,osc_2_spectral_morph_type,0,0,16,Oscillator 2 Frequency Morph Type,500,Oscillator 2 Frequency Morph Typ,500,Oscillator 2 Frequency Morph Type
osc_2_spectral_unison,osc_2_spectral_unison,1,0,1,Oscillator 2 Spectral Unison,504,Oscillator 2 Spectral Unison,504,Oscillator 2 Spectral Unison
osc_2_stack_style,osc_2_stack_style,0,0,12,Oscillator 2 Stack Style,412,Oscillator 2 Stack Style,412,Oscillator 2 Stack Style
osc_2_stereo_spread,osc_2_stereo_spread,1,0,1,Oscillator 2 Stereo Spread,413,Oscillator 2 Stereo Spread,413,Oscillator 2 Stereo Spread
osc_2_transpose,osc_2_transpose,0,-48,48,Oscillator 2 Transpose,414,Oscillator 2 Transpose,414,Oscillator 2 Transpose
osc_2_transpose_quantize,osc_2_transpose_quantize,0,0,8191,Oscillator 2 Transpose Quantize,415,Oscillator 2 Transpose Quantize,415,Oscillator 2 Transpose Quantize
osc_2_tune,osc_2_tune,0,-1,1,Oscillator 2 Tune,416,Oscillator 2 Tune,416,Oscillator 2 Tune
osc_2_unison_blend,osc_2_unison_blend,0.800000011920929,0,1,Oscillator 2 Blend,417,Oscillator 2 Blend,417,Oscillator 2 Blend
osc_2_unison_detune,osc_2_unison_detune,4.4721360206604,0,10,Oscillator 2 Unison Detune,418,Oscillator 2 Unison Detune,418,Oscillator 2 Unison Detune
osc_2_unison_voices,osc_2_unison_voices,1,1,16,Oscillator 2 Unison Voices,419,Oscillator 2 Unison Voices,419,Oscillator 2 Unison Voices
osc_2_view_2d,osc_2_view_2d,1,0,2,Oscillator 2 View 2D,486,Oscillator 2 View 2D,486,Oscillator 2 View 2D
osc_2_wave_frame,osc_2_wave_frame,0,0,256,Oscillator 2 Wave Frame,420,Oscillator 2 Wave Frame,420,Oscillator 2 Wave Frame
osc_3_destination,osc_3_destination,3,0,14,Oscillator 3 Destination,505,Oscillator 3 Destination,505,Oscillator 3 Destination
osc_3_detune_power,osc_3_detune_power,1.5,-5,5,Oscillator 3 Detune Power,506,Oscillator 3 Detune Power,506,Oscillator 3 Detune Power
osc_3_detune_range,osc_3_detune_range,2,0,48,Oscillator 3 Detune Range,507,Oscillator 3 Detune Range,507,Oscillator 3 Detune Range
osc_3_distortion_amount,osc_3_distortion_amount,0.5,0,1,Oscillator 3 Distortion Amount,508,Oscillator 3 Distortion Amount,508,Oscillator 3 Distortion Amount
osc_3_distortion_phase,osc_3_distortion_phase,0.5,0,1,Oscillator 3 Distortion Phase,509,Oscillator 3 Distortion Phase,509,Oscillator 3 Distortion Phase
osc_3_distortion_spread,osc_3_distortion_spread,0,-0.5,0.5,Oscillator 3 Distortion Spread,510,Oscillator 3 Distortion Spread,510,Oscillator 3 Distortion Spread
osc_3_distortion_type,osc_3_distortion_type,0,0,12,Oscillator 3 Distortion Type,511,Oscillator 3 Distortion Type,511,Oscillator 3 Distortion Type
osc_3_frame_spread,osc_3_frame_spread,0,-128,128,Oscillator 3 Unison Frame Spread,512,Oscillator 3 Unison Frame Spread,512,Oscillator 3 Unison Frame Spread
osc_3_level,osc_3_level,0.70710676908493,0,1,Oscillator 3 Level,513,Oscillator 3 Level,513,Oscillator 3 Level
osc_3_midi_track,osc_3_midi_track,1,0,1,Oscillator 3 Midi Track,514,Oscillator 3 Midi Track,514,Oscillator 3 Midi Track
osc_3_on,osc_3_on,0,0,1,Oscillator 3 Switch,515,Oscillator 3 Switch,515,Oscillator 3 Switch
osc_3_pan,osc_3_pan,0,-1,1,Oscillator 3 Pan,516,Oscillator 3 Pan,516,Oscillator 3 Pan
osc_3_phase,osc_3_phase,0.5,0,1,Oscillator 3 Phase,517,Oscillator 3 Phase,517,Oscillator 3 Phase
osc_3_random_phase,osc_3_random_phase,1,0,1,Oscillator 3 Phase Randomization,518,Oscillator 3 Phase Randomization,518,Oscillator 3 Phase Randomization
osc_3_smooth_interpolation,osc_3_smooth_interpolation,0,0,1,Oscillator 3 Smooth Interpolation,519,Oscillator 3 Smooth Interpolatio,519,Oscillator 3 Smooth Interpolation
osc_3_spectral_morph_amount,osc_3_spectral_morph_amount,0.5,0,1,Oscillator 3 Frequency Morph Amount,520,Oscillator 3 Frequency Morph Amo,520,Oscillator 3 Frequency Morph Amount
osc_3_spectral_morph_phase,osc_3_spectral_morph_phase,0.5,0,1,Oscillator 3 Frequency Morph Phase,774,Oscillator 3 Frequency Morph Pha,774,Oscillator 3 Frequency Morph Phase
osc_3_spectral_morph_spread,osc_3_spectral_morph_spread,0,-0.5,0.5,Oscillator 3 Frequency Morph Spread,521,Oscillator 3 Frequency Morph Spr,521,Oscillator 3 Frequency Morph Spread
osc_3_spectral_morph_type,osc_3_spectral_morph_type,0,0,16,Oscillator 3 Frequency Morph Type,522,Oscillator 3 Frequency Morph Typ,522,Oscillator 3 Frequency Morph Type
osc_3_spectral_unison,osc_3_spectral_unison,1,0,1,Oscillator 3 Spectral Unison,523,Oscillator 3 Spectral Unison,523,Oscillator 3 Spectral Unison
osc_3_stack_style,osc_3_stack_style,0,0,12,Oscillator 3 Stack Style,524,Oscillator 3 Stack Style,524,Oscillator 3 Stack Style
osc_3_stereo_spread,osc_3_stereo_spread,1,0,1,Oscillator 3 Stereo Spread,525,Oscillator 3 Stereo Spread,525,Oscillator 3 Stereo Spread
osc_3_transpose,osc_3_transpose,0,-48,48,Oscillator 3 Transpose,526,Oscillator 3 Transpose,526,Oscillator 3 Transpose
osc_3_transpose_quantize,osc_3_transpose_quantize,0,0,8191,Oscillator 3 Transpose Quantize,527,Oscillator 3 Transpose Quantize,527,Oscillator 3 Transpose Quantize
osc_3_tune,osc_3_tune,0,-1,1,Oscillator 3 Tune,528,Oscillator 3 Tune,528,Oscillator 3 Tune
osc_3_unison_blend,osc_3_unison_blend,0.800000011920929,0,1,Oscillator 3 Blend,529,Oscillator 3 Blend,529,Oscillator 3 Blend
osc_3_unison_detune,osc_3_unison_detune,4.4721360206604,0,10,Oscillator 3 Unison Detune,530,Oscillator 3 Unison Detune,530,Oscillator 3 Unison Detune
osc_3_unison_voices,osc_3_unison_voices,1,1,16,Oscillator 3 Unison Voices,531,Oscillator 3 Unison Voices,531,Oscillator 3 Unison Voices
osc_3_view_2d,osc_3_view_2d,1,0,2,Oscillator 3 View 2D,532,Oscillator 3 View 2D,532,Oscillator 3 View 2D
osc_3_wave_frame,osc_3_wave_frame,0,0,256,Oscillator 3 Wave Frame,533,Oscillator 3 Wave Frame,533,Oscillator 3 Wave Frame
oversampling,oversampling,0,0,3,Oversampling,421,Oversampling,421,Oversampling
phaser_blend,phaser_blend,1,0,2,Phaser Blend,555,Phaser Blend,555,Phaser Blend
phaser_center,phaser_center,80,8,136,Phaser Center,422,Phaser Center,422,Phaser Center
phaser_dry_wet,phaser_dry_wet,1,0,1,Phaser Mix,423,Phaser Mix,423,Phaser Mix
phaser_feedback,phaser_feedback,0.5,0,1,Phaser Feedback,424,Phaser Feedback,424,Phaser Feedback
phaser_frequency,phaser_frequency,-3,-5,2,Phaser Frequency,425,Phaser Frequency,425,Phaser Frequency
phaser_mod_depth,phaser_mod_depth,24,0,48,Phaser Mod Depth,426,Phaser Mod Depth,426,Phaser Mod Depth
phaser_on,phaser_on,0,0,1,Phaser Switch,427,Phaser Switch,427,Phaser Switch
phaser_phase_offset,phaser_phase_offset,0.333333343267441,0,1,Phaser Phase Offset,428,Phaser Phase Offset,428,Phaser Phase Offset
phaser_sync,phaser_sync,1,0,3,Phaser Sync,429,Phaser Sync,429,Phaser Sync
phaser_tempo,phaser_tempo,3,0,10,Phaser Tempo,430,Phaser Tempo,430,Phaser Tempo
pitch_bend_range,pitch_bend_range,12,0,48,Pitch Bend Range,431,Pitch Bend Range,431,Pitch Bend Range
pitch_wheel,pitch_wheel,0,-1,1,Pitch Wheel,464,Pitch Wheel,464,Pitch Wheel
polyphony,polyphony,32,1,32,Polyphony,432,Polyphony,432,Polyphony
portamento_force,portamento_force,0,0,1,Portamento Force,433,Portamento Force,433,Portamento Force
portamento_scale,portamento_scale,0,0,1,Portamento Scale,434,Portamento Scale,434,Portamento Scale
portamento_slope,portamento_slope,0,-8,8,Portamento Slope,435,Portamento Slope,435,Portamento Slope
portamento_time,portamento_time,-10,-10,4,Portamento Time,436,Portamento Time,436,Portamento Time
random_1_frequency,random_1_frequency,1,-7,9,Random LFO 1 Frequency,465,Random LFO 1 Frequency,465,Random LFO 1 Frequency
random_1_keytrack_transpose,random_1_keytrack_transpose,-12,-60,36,Random LFO 1 Transpose,744,Random LFO 1 Transpose,744,Random LFO 1 Transpose
random_1_keytrack_tune,random_1_keytrack_tune,0,-1,1,Random LFO 1 Tune,745,Random LFO 1 Tune,745,Random LFO 1 Tune
random_1_stereo,random_1_stereo,0,0,1,Random LFO 1 Stereo,466,Random LFO 1 Stereo,466,Random LFO 1 Stereo
random_1_style,random_1_style,0,0,3,Random LFO 1 Style,467,Random LFO 1 Style,467,Random LFO 1 Style
random_1_sync,random_1_sync,1,0,4,Random LFO 1 Sync,468,Random LFO 1 Sync,468,Random LFO 1 Sync
random_1_sync_type,random_1_sync_type,0,0,1,Random LFO 1 Sync Type,556,Random LFO 1 Sync Type,556,Random LFO 1 Sync Type
random_1_tempo,random_1_tempo,8,0,12,Random LFO 1 Tempo,469,Random LFO 1 Tempo,469,Random LFO 1 Tempo
random_2_frequency,random_2_frequency,1,-7,9,Random LFO 2 Frequency,470,Random LFO 2 Frequency,470,Random LFO 2 Frequency
random_2_keytrack_transpose,random_2_keytrack_transpose,-12,-60,36,Random LFO 2 Transpose,746,Random LFO 2 Transpose,746,Random LFO 2 Transpose
random_2_keytrack_tune,random_2_keytrack_tune,0,-1,1,Random LFO 2 Tune,747,Random LFO 2 Tune,747,Random LFO 2 Tune
random_2_stereo,random_2_stereo,0,0,1,Random LFO 2 Stereo,471,Random LFO 2 Stereo,471,Random LFO 2 Stereo
random_2_style,random_2_style,0,0,3,Random LFO 2 Style,472,Random LFO 2 Style,472,Random LFO 2 Style
random_2_sync,random_2_sync,1,0,4,Random LFO 2 Sync,473,Random LFO 2 Sync,473,Random LFO 2 Sync
random_2_sync_type,random_2_sync_type,0,0,1,Random LFO 2 Sync Type,557,Random LFO 2 Sync Type,557,Random LFO 2 Sync Type
random_2_tempo,random_2_tempo,8,0,12,Random LFO 2 Tempo,474,Random LFO 2 Tempo,474,Random LFO 2 Tempo
random_3_frequency,random_3_frequency,1,-7,9,Random LFO 3 Frequency,475,Random LFO 3 Frequency,475,Random LFO 3 Frequency
random_3_keytrack_transpose,random_3_keytrack_transpose,-12,-60,36,Random LFO 3 Transpose,748,Random LFO 3 Transpose,748,Random LFO 3 Transpose
random_3_keytrack_tune,random_3_keytrack_tune,0,-1,1,Random LFO 3 Tune,749,Random LFO 3 Tune,749,Random LFO 3 Tune
random_3_stereo,random_3_stereo,0,0,1,Random LFO 3 Stereo,476,Random LFO 3 Stereo,476,Random LFO 3 Stereo
random_3_style,random_3_style,0,0,3,Random LFO 3 Style,477,Random LFO 3 Style,477,Random LFO 3 Style
random_3_sync,random_3_sync,1,0,4,Random LFO 3 Sync,478,Random LFO 3 Sync,478,Random LFO 3 Sync
random_3_sync_type,random_3_sync_type,0,0,1,Random LFO 3 Sync Type,558,Random LFO 3 Sync Type,558,Random LFO 3 Sync Type
random_3_tempo,random_3_tempo,8,0,12,Random LFO 3 Tempo,479,Random LFO 3 Tempo,479,Random LFO 3 Tempo
random_4_frequency,random_4_frequency,1,-7,9,Random LFO 4 Frequency,480,Random LFO 4 Frequency,480,Random LFO 4 Frequency
random_4_keytrack_transpose,random_4_keytrack_transpose,-12,-60,36,Random LFO 4 Transpose,750,Random LFO 4 Transpose,750,Random LFO 4 Transpose
random_4_keytrack_tune,random_4_keytrack_tune,0,-1,1,Random LFO 4 Tune,751,Random LFO 4 Tune,751,Random LFO 4 Tune
random_4_stereo,random_4_stereo,0,0,1,Random LFO 4 Stereo,481,Random LFO 4 Stereo,481,Random LFO 4 Stereo
random_4_style,random_4_style,0,0,3,Random LFO 4 Style,482,Random LFO 4 Style,482,Random LFO 4 Style
random_4_sync,random_4_sync,1,0,4,Random LFO 4 Sync,483,Random LFO 4 Sync,483,Random LFO 4 Sync
random_4_sync_type,random_4_sync_type,0,0,1,Random LFO 4 Sync Type,559,Random LFO 4 Sync Type,559,Random LFO 4 Sync Type
random_4_tempo,random_4_tempo,8,0,12,Random LFO 4 Tempo,484,Random LFO 4 Tempo,484,Random LFO 4 Tempo
reverb_chorus_amount,reverb_chorus_amount,0.223607003688812,0,1,Reverb Chorus Amount,437,Reverb Chorus Amount,437,Reverb Chorus Amount
reverb_chorus_frequency,reverb_chorus_frequency,-2,-8,3,Reverb Chorus Frequency,438,Reverb Chorus Frequency,438,Reverb Chorus Frequency
reverb_decay_time,reverb_decay_time,0,-6,6,Reverb Decay Time,439,Reverb Decay Time,439,Reverb Decay Time
reverb_delay,reverb_delay,0,0,0.300000011920929,Reverb Delay,725,Reverb Delay,725,Reverb Delay
reverb_dry_wet,reverb_dry_wet,0.25,0,1,Reverb Mix,440,Reverb Mix,440,Reverb Mix
reverb_high_shelf_cutoff,reverb_high_shelf_cutoff,90,0,128,Reverb High Cutoff,441,Reverb High Cutoff,441,Reverb High Cutoff
reverb_high_shelf_gain,reverb_high_shelf_gain,-1,-6,0,Reverb High Gain,442,Reverb High Gain,442,Reverb High Gain
reverb_low_shelf_cutoff,reverb_low_shelf_cutoff,0,0,128,Reverb Low Cutoff,443,Reverb Low Cutoff,443,Reverb Low Cutoff
reverb_low_shelf_gain,reverb_low_shelf_gain,0,-6,0,Reverb Low Gain,444,Reverb Low Gain,444,Reverb Low Gain
reverb_on,reverb_on,0,0,1,Reverb Switch,445,Reverb Switch,445,Reverb Switch
reverb_pre_high_cutoff,reverb_pre_high_cutoff,110,0,128,Reverb Pre High Cutoff,446,Reverb Pre High Cutoff,446,Reverb Pre High Cutoff
reverb_pre_low_cutoff,reverb_pre_low_cutoff,0,0,128,Reverb Pre Low Cutoff,447,Reverb Pre Low Cutoff,447,Reverb Pre Low Cutoff
reverb_size,reverb_size,0.5,0,1,Reverb Size,550,Reverb Size,550,Reverb Size
sample_bounce,sample_bounce,0,0,1,Sample Bounce,721,Sample Bounce,721,Sample Bounce
sample_destination,sample_destination,3,0,14,Sample Destination,534,Sample Destination,534,Sample Destination
sample_keytrack,sample_keytrack,0,0,1,Sample Keytrack,448,Sample Keytrack,448,Sample Keytrack
sample_level,sample_level,0.70710676908493,0,1,Sample Level,449,Sample Level,449,Sample Level
sample_loop,sample_loop,1,0,1,Sample Loop,450,Sample Loop,450,Sample Loop
sample_on,sample_on,0,0,1,Sample Switch,451,Sample Switch,451,Sample Switch
sample_pan,sample_pan,0,-1,1,Sample Pan,452,Sample Pan,452,Sample Pan
sample_random_phase,sample_random_phase,0,0,1,Sample Random Phase,453,Sample Random Phase,453,Sample Random Phase
sample_transpose,sample_transpose,0,-48,48,Sample Transpose,454,Sample Transpose,454,Sample Transpose
sample_transpose_quantize,sample_transpose_quantize,0,0,8191,Sample Transpose Quantize,455,Sample Transpose Quantize,455,Sample Transpose Quantize
sample_tune,sample_tune,0,-1,1,Sample Tune,456,Sample Tune,456,Sample Tune
stereo_mode,stereo_mode,0,0,1,Stereo Mode,723,Stereo Mode,723,Stereo Mode
stereo_routing,stereo_routing,1,0,1,Stereo Routing,457,Stereo Routing,457,Stereo Routing
velocity_track,velocity_track,1,-1,1,Velocity Track,458,Velocity Track,458,Velocity Track
view_spectrogram,view_spectrogram,0,0,2,View Spectrogram,771,View Spectrogram,771,View Spectrogram
voice_amplitude,voice_amplitude,1,0,1,Voice Amplitude,459,Voice Amplitude,459,Voice Amplitude
voice_override,voice_override,0,0,1,Voice Override,726,Voice Override,726,Voice Override
voice_priority,voice_priority,4,0,4,Voice Priority,460,Voice Priority,460,Voice Priority
voice_transpose,voice_transpose,0,-48,48,Voice Transpose,722,Voice Transpose,722,Voice Transpose
voice_tune,voice_tune,0,-1,1,Voice Tune,461,Voice Tune,461,Voice Tune
volume,volume,5473.04052734375,0,7399.4404296875,Volume,462,Volume,462,Volume
