{
"major": [4,7],
"majb5": [4,6],
"minor": [3,7],
"minb5": [3,6],
"sus2": [2,7],
"sus4": [5,7],
"aug": [4,8],
"augsus4": [5,8],
"tri": [3,6,9],

"6": [4,7,9],
"6sus4": [5,7,9],
"6add9": [4,7,9,14],
"m6": [3,7,9],
"m6add9": [3,7,9,14],

"7": [4,7,10],
"7sus4": [5,7,10],
"7#5": [4,8,10],
"7b5": [4,6,10],
"7#9": [4,7,10,15],
"7b9": [4,7,10,13],
"7#5#9": [4,8,10,15],
"7#5b9": [4,8,10,13],
"7b5b9": [4,6,10,13],
"7add11": [4,7,10,17],
"7add13": [4,7,10,21],
"7#11": [4,7,10,18],
"maj7": [4,7,11],
"maj7b5": [4,6,11],
"maj7#5": [4,8,11],
"maj7#11": [4,7,11,18],
"maj7add13": [4,7,11,21],
"m7": [3,7,10],
"m7b5": [3,6,10],
"m7b9": [3,7,10,13],
"m7add11": [3,7,10,17],
"m7add13": [3,7,10,21],
"m-maj7": [3,7,11],
"m-maj7add11": [3,7,11,17],
"m-maj7add13": [3,7,11,21],

"9": [4,7,10,14],
"9sus4": [5,7,10,14],
"add9": [4,7,14],
"9#5": [4,8,10,14],
"9b5": [4,6,10,14],
"9#11": [4,7,10,14,18],
"9b13": [4,7,10,14,20],
"maj9": [4,7,11,14],
"maj9sus4": [5,7,11,15],
"maj9#5": [4,8,11,14],
"maj9#11": [4,7,11,14,18],
"m9": [3,7,10,14],
"madd9": [3,7,14],
"m9b5": [3,6,10,14],
"m9-maj7": [3,7,11,14],

"11": [4,7,10,14,17],
"11b9": [4,7,10,13,17],
"maj11": [4,7,11,14,17],
"m11": [3,7,10,14,17],
"m-maj11": [3,7,11,14,17],

"13": [4,7,10,14,21],
"13#9": [4,7,10,15,21],
"13b9": [4,7,10,13,21],
"13b5b9": [4,6,10,13,21],
"maj13": [4,7,11,14,21],
"m13": [3,7,10,14,21],
"m-maj13": [3,7,11,14,21],

"full_major": [2,4,5,7,9,11],
"harmonic_minor": [2,3,5,7,8,11],
"melodic_minor": [2,3,5,7,9,11],
"whole_tone": [2,4,6,8,10],
"diminished": [2,3,5,6,8,9,11],
"major_pentatonic": [2,4,7,9],
"minor_pentatonic": [3,5,7,10],
"jap_in_sen": [1,5,7,10],
"major_bebop": [2,4,5,7,8,9,11],
"dominant_bebop": [2,4,5,7,9,10,11],
"blues": [3,5,6,7,10],
"arabic": [1,4,5,7,8,11],
"enigmatic": [1,4,6,8,10,11],
"neopolitan": [1,3,5,7,9,11],
"neopolitan_minor": [1,3,5,7,8,11],
"hungarian_minor": [2,3,6,7,8,11],
"dorian": [2,3,5,7,9,10],
"phrygian": [1,3,5,7,8,10],
"lydian": [2,4,6,7,9,11],
"mixolydian": [2,4,5,7,9,10],
"aeolian": [2,3,5,7,8,10],
"locrian": [1,3,5,6,8,10],
"full_minor": [2,3,5,7,8,10],
"chromatic": [1,2,3,4,5,6,7,8,9,10,11],
"half-whole_diminished": [1,3,4,6,7,9,10],

"5": [7],
"phrygian_dominant": [1,4,5,7,8,10],
"persian": [1,4,5,6,8,11]
}